,London Bloomsbury,,London Harlington,,London Marylebone Road,,London N. Kensington,,London Teddington Bushy Park,,London Westminster,
Latitude,51.52229,,51.48879,,51.52253,,51.52105,,51.425286,,51.49467,
Longitude,-0.125889,,-0.441614,,-0.154611,,-0.213492,,-0.345606,,-0.131931,
Site Type,Urban Background,,Urban Industrial,,Urban Traffic,,Urban Background,,Urban Background,,Urban Background,
Zone,Greater London,,Greater London,,Greater London,,Greater London,,Greater London,,Greater London,
Agglomeration,Greater London Urban Area,,Greater London Urban Area,,Greater London Urban Area,,Greater London Urban Area,,Greater London Urban Area,,Greater London Urban Area,
Local Authority,Camden,,Hillingdon,,Westminster,,Kensington,,Richmond,,Westminster,
Date,PM2.5 particulate matter (Hourly measured),Status,PM2.5 particulate matter (Hourly measured),Status,PM2.5 particulate matter (Hourly measured),Status,PM2.5 particulate matter (Hourly measured),Status,PM2.5 particulate matter (Hourly measured),Status,PM2.5 particulate matter (Hourly measured),Status
01-01-20,34,V ugm-3 (TEOM FDMS),35,V ugm-3 (Ref.eq),36,V ugm-3 (TEOM FDMS),32,V ugm-3 (Ref.eq),32,V ugm-3 (Ref.eq),37,V ugm-3 (BAM)
02-01-20,8,V ugm-3 (TEOM FDMS),7,V ugm-3 (Ref.eq),9,V ugm-3 (TEOM FDMS),7,V ugm-3 (Ref.eq),7,V ugm-3 (Ref.eq),10,V ugm-3 (BAM)
03-01-20,5,V ugm-3 (TEOM FDMS),5,V ugm-3 (Ref.eq),6,V ugm-3 (TEOM FDMS),5,V ugm-3 (Ref.eq),5,V ugm-3 (Ref.eq),9,V ugm-3 (BAM)
04-01-20,7,V ugm-3 (TEOM FDMS),6,V ugm-3 (Ref.eq),9,V ugm-3 (TEOM FDMS),6,V ugm-3 (Ref.eq),7,V ugm-3 (Ref.eq),10,V ugm-3 (BAM)
05-01-20,4,V ugm-3 (TEOM FDMS),3,V ugm-3 (Ref.eq),6,V ugm-3 (TEOM FDMS),4,V ugm-3 (Ref.eq),3,V ugm-3 (Ref.eq),6,V ugm-3 (BAM)
06-01-20,7,V ugm-3 (TEOM FDMS),7,V ugm-3 (Ref.eq),8,V ugm-3 (TEOM FDMS),7,V ugm-3 (Ref.eq),6,V ugm-3 (Ref.eq),9,V ugm-3 (BAM)
07-01-20,8,V ugm-3 (TEOM FDMS),8,V ugm-3 (Ref.eq),8,V ugm-3 (TEOM FDMS),9,V ugm-3 (Ref.eq),7,V ugm-3 (Ref.eq),8,V ugm-3 (BAM)
08-01-20,10,V ugm-3 (TEOM FDMS),10,V ugm-3 (Ref.eq),12,V ugm-3 (TEOM FDMS),11,V ugm-3 (Ref.eq),11,V ugm-3 (Ref.eq),12,V ugm-3 (BAM)
09-01-20,4,V ugm-3 (TEOM FDMS),4,V ugm-3 (Ref.eq),7,V ugm-3 (TEOM FDMS),4,V ugm-3 (Ref.eq),4,V ugm-3 (Ref.eq),7,V ugm-3 (BAM)
10-01-20,7,V ugm-3 (TEOM FDMS),6,V ugm-3 (Ref.eq),8,V ugm-3 (TEOM FDMS),6,V ugm-3 (Ref.eq),6,V ugm-3 (Ref.eq),8,V ugm-3 (BAM)
11-01-20,6,V ugm-3 (TEOM FDMS),6,V ugm-3 (Ref.eq),6,V ugm-3 (TEOM FDMS),6,V ugm-3 (Ref.eq),6,V ugm-3 (Ref.eq),7,V ugm-3 (BAM)
12-01-20,3,V ugm-3 (TEOM FDMS),3,V ugm-3 (Ref.eq),5,V ugm-3 (TEOM FDMS),3,V ugm-3 (Ref.eq),3,V ugm-3 (Ref.eq),5,V ugm-3 (BAM)
13-01-20,No data,V ugm-3 (TEOM FDMS),4,V ugm-3 (Ref.eq),5,V ugm-3 (TEOM FDMS),5,V ugm-3 (Ref.eq),4,V ugm-3 (Ref.eq),6,V ugm-3 (BAM)
14-01-20,No data,V ugm-3 (TEOM FDMS),5,V ugm-3 (Ref.eq),5,V ugm-3 (TEOM FDMS),5,V ugm-3 (Ref.eq),5,V ugm-3 (Ref.eq),6,V ugm-3 (BAM)
15-01-20,No data,V ugm-3 (TEOM FDMS),4,V ugm-3 (Ref.eq),6,V ugm-3 (TEOM FDMS),4,V ugm-3 (Ref.eq),4,V ugm-3 (Ref.eq),6,V ugm-3 (BAM)
16-01-20,No data,V ugm-3 (TEOM FDMS),6,V ugm-3 (Ref.eq),8,V ugm-3 (TEOM FDMS),6,V ugm-3 (Ref.eq),6,V ugm-3 (Ref.eq),8,V ugm-3 (BAM)
17-01-20,No data,V ugm-3 (TEOM FDMS),3,V ugm-3 (Ref.eq),7,V ugm-3 (TEOM FDMS),4,V ugm-3 (Ref.eq),4,V ugm-3 (Ref.eq),6,V ugm-3 (BAM)
18-01-20,8,V ugm-3 (TEOM FDMS),7,V ugm-3 (Ref.eq),9,V ugm-3 (TEOM FDMS),8,V ugm-3 (Ref.eq),10,V ugm-3 (Ref.eq),10,V ugm-3 (BAM)
19-01-20,10,V ugm-3 (TEOM FDMS),12,V ugm-3 (Ref.eq),11,V ugm-3 (TEOM FDMS),14,V ugm-3 (Ref.eq),14,V ugm-3 (Ref.eq),14,V ugm-3 (BAM)
20-01-20,25,V ugm-3 (TEOM FDMS),20,V ugm-3 (Ref.eq),30,V ugm-3 (TEOM FDMS),25,V ugm-3 (Ref.eq),24,V ugm-3 (Ref.eq),27,V ugm-3 (BAM)
21-01-20,29,V ugm-3 (TEOM FDMS),24,V ugm-3 (Ref.eq),33,V ugm-3 (TEOM FDMS),28,V ugm-3 (Ref.eq),27,V ugm-3 (Ref.eq),30,V ugm-3 (BAM)
22-01-20,No data,V ugm-3 (TEOM FDMS),20,V ugm-3 (Ref.eq),24,V ugm-3 (TEOM FDMS),23,V ugm-3 (Ref.eq),30,V ugm-3 (Ref.eq),30,V ugm-3 (BAM)
23-01-20,No data,V ugm-3 (TEOM FDMS),14,V ugm-3 (Ref.eq),15,V ugm-3 (TEOM FDMS),13,V ugm-3 (Ref.eq),13,V ugm-3 (Ref.eq),No data,V ugm-3 (BAM)
24-01-20,16,V ugm-3 (TEOM FDMS),14,V ugm-3 (Ref.eq),19,V ugm-3 (TEOM FDMS),14,V ugm-3 (Ref.eq),14,V ugm-3 (Ref.eq),No data,V ugm-3 (BAM)
25-01-20,21,V ugm-3 (TEOM FDMS),20,V ugm-3 (Ref.eq),22,V ugm-3 (TEOM FDMS),20,V ugm-3 (Ref.eq),19,V ugm-3 (Ref.eq),No data,V ugm-3 (BAM)
26-01-20,14,V ugm-3 (TEOM FDMS),14,V ugm-3 (Ref.eq),15,V ugm-3 (TEOM FDMS),14,V ugm-3 (Ref.eq),12,V ugm-3 (Ref.eq),No data,V ugm-3 (BAM)
27-01-20,4,V ugm-3 (TEOM FDMS),4,V ugm-3 (Ref.eq),No data,V ugm-3 (TEOM FDMS),4,V ugm-3 (Ref.eq),3,V ugm-3 (Ref.eq),No data,V ugm-3 (BAM)
28-01-20,3,V ugm-3 (TEOM FDMS),3,V ugm-3 (Ref.eq),No data,V ugm-3 (TEOM FDMS),3,V ugm-3 (Ref.eq),3,V ugm-3 (Ref.eq),No data,V ugm-3 (BAM)
29-01-20,7,V ugm-3 (TEOM FDMS),7,V ugm-3 (Ref.eq),No data,V ugm-3 (TEOM FDMS),7,V ugm-3 (Ref.eq),7,V ugm-3 (Ref.eq),8,V ugm-3 (BAM)
30-01-20,5,V ugm-3 (TEOM FDMS),3,V ugm-3 (Ref.eq),7,V ugm-3 (TEOM FDMS),4,V ugm-3 (Ref.eq),3,V ugm-3 (Ref.eq),6,V ugm-3 (BAM)
31-01-20,3,V ugm-3 (TEOM FDMS),1,V ugm-3 (Ref.eq),4,V ugm-3 (TEOM FDMS),2,V ugm-3 (Ref.eq),1,V ugm-3 (Ref.eq),4,V ugm-3 (BAM)
01-02-20,6,V ugm-3 (TEOM FDMS),6,V ugm-3 (Ref.eq),7,V ugm-3 (TEOM FDMS),7,V ugm-3 (Ref.eq),7,V ugm-3 (Ref.eq),8,V ugm-3 (BAM)
02-02-20,8,V ugm-3 (TEOM FDMS),8,V ugm-3 (Ref.eq),8,V ugm-3 (TEOM FDMS),9,V ugm-3 (Ref.eq),8,V ugm-3 (Ref.eq),9,V ugm-3 (BAM)
03-02-20,7,V ugm-3 (TEOM FDMS),7,V ugm-3 (Ref.eq),8,V ugm-3 (TEOM FDMS),8,V ugm-3 (Ref.eq),8,V ugm-3 (Ref.eq),10,V ugm-3 (BAM)
04-02-20,5,V ugm-3 (TEOM FDMS),6,V ugm-3 (Ref.eq),5,V ugm-3 (TEOM FDMS),6,V ugm-3 (Ref.eq),6,V ugm-3 (Ref.eq),9,V ugm-3 (BAM)
05-02-20,15,V ugm-3 (TEOM FDMS),18,V ugm-3 (Ref.eq),17,V ugm-3 (TEOM FDMS),16,V ugm-3 (Ref.eq),15,V ugm-3 (Ref.eq),17,V ugm-3 (BAM)
06-02-20,21,V ugm-3 (TEOM FDMS),20,V ugm-3 (Ref.eq),21,V ugm-3 (TEOM FDMS),18,V ugm-3 (Ref.eq),16,V ugm-3 (Ref.eq),20,V ugm-3 (BAM)
07-02-20,25,V ugm-3 (TEOM FDMS),20,V ugm-3 (Ref.eq),24,V ugm-3 (TEOM FDMS),21,V ugm-3 (Ref.eq),20,V ugm-3 (Ref.eq),22,V ugm-3 (BAM)
08-02-20,8,V ugm-3 (TEOM FDMS),7,V ugm-3 (Ref.eq),8,V ugm-3 (TEOM FDMS),8,V ugm-3 (Ref.eq),7,V ugm-3 (Ref.eq),10,V ugm-3 (BAM)
09-02-20,6,V ugm-3 (TEOM FDMS),5,V ugm-3 (Ref.eq),3,V ugm-3 (TEOM FDMS),6,V ugm-3 (Ref.eq),6,V ugm-3 (Ref.eq),6,V ugm-3 (BAM)
10-02-20,4,V ugm-3 (TEOM FDMS),4,V ugm-3 (Ref.eq),5,V ugm-3 (TEOM FDMS),5,V ugm-3 (Ref.eq),5,V ugm-3 (Ref.eq),8,V ugm-3 (BAM)
11-02-20,4,V ugm-3 (TEOM FDMS),5,V ugm-3 (Ref.eq),5,V ugm-3 (TEOM FDMS),6,V ugm-3 (Ref.eq),6,V ugm-3 (Ref.eq),8,V ugm-3 (BAM)
12-02-20,5,V ugm-3 (TEOM FDMS),4,V ugm-3 (Ref.eq),6,V ugm-3 (TEOM FDMS),4,V ugm-3 (Ref.eq),4,V ugm-3 (Ref.eq),7,V ugm-3 (BAM)
13-02-20,5,V ugm-3 (TEOM FDMS),3,V ugm-3 (Ref.eq),6,V ugm-3 (TEOM FDMS),4,V ugm-3 (Ref.eq),3,V ugm-3 (Ref.eq),8,V ugm-3 (BAM)
14-02-20,9,V ugm-3 (TEOM FDMS),7,V ugm-3 (Ref.eq),9,V ugm-3 (TEOM FDMS),8,V ugm-3 (Ref.eq),7,V ugm-3 (Ref.eq),11,V ugm-3 (BAM)
15-02-20,4,V ugm-3 (TEOM FDMS),2,V ugm-3 (Ref.eq),3,V ugm-3 (TEOM FDMS),3,V ugm-3 (Ref.eq),3,V ugm-3 (Ref.eq),6,V ugm-3 (BAM)
16-02-20,3,V ugm-3 (TEOM FDMS),2,V ugm-3 (Ref.eq),2,V ugm-3 (TEOM FDMS),2,V ugm-3 (Ref.eq),2,V ugm-3 (Ref.eq),4,V ugm-3 (BAM)
17-02-20,5,V ugm-3 (TEOM FDMS),5,V ugm-3 (Ref.eq),7,V ugm-3 (TEOM FDMS),7,V ugm-3 (Ref.eq),6,V ugm-3 (Ref.eq),10,V ugm-3 (BAM)
18-02-20,No data,V ugm-3 (TEOM FDMS),4,V ugm-3 (Ref.eq),6,V ugm-3 (TEOM FDMS),4,V ugm-3 (Ref.eq),5,V ugm-3 (Ref.eq),7,V ugm-3 (BAM)
19-02-20,No data,V ugm-3 (BAM),6,V ugm-3 (Ref.eq),7,V ugm-3 (TEOM FDMS),6,V ugm-3 (Ref.eq),6,V ugm-3 (Ref.eq),9,V ugm-3 (BAM)
20-02-20,3,V ugm-3 (BAM),2,V ugm-3 (Ref.eq),4,V ugm-3 (TEOM FDMS),3,V ugm-3 (Ref.eq),3,V ugm-3 (Ref.eq),7,V ugm-3 (BAM)
21-02-20,7,V ugm-3 (BAM),7,V ugm-3 (Ref.eq),7,V ugm-3 (TEOM FDMS),8,V ugm-3 (Ref.eq),8,V ugm-3 (Ref.eq),9,V ugm-3 (BAM)
22-02-20,7,V ugm-3 (BAM),7,V ugm-3 (Ref.eq),7,V ugm-3 (TEOM FDMS),8,V ugm-3 (Ref.eq),8,V ugm-3 (Ref.eq),10,V ugm-3 (BAM)
23-02-20,2,V ugm-3 (BAM),3,V ugm-3 (Ref.eq),3,V ugm-3 (TEOM FDMS),3,V ugm-3 (Ref.eq),3,V ugm-3 (Ref.eq),6,V ugm-3 (BAM)
24-02-20,3,V ugm-3 (BAM),3,V ugm-3 (Ref.eq),4,V ugm-3 (TEOM FDMS),3,V ugm-3 (Ref.eq),2,V ugm-3 (Ref.eq),6,V ugm-3 (BAM)
25-02-20,3,V ugm-3 (BAM),3,V ugm-3 (Ref.eq),5,V ugm-3 (TEOM FDMS),3,V ugm-3 (Ref.eq),3,V ugm-3 (Ref.eq),6,V ugm-3 (BAM)
26-02-20,4,V ugm-3 (BAM),4,V ugm-3 (Ref.eq),5,V ugm-3 (TEOM FDMS),4,V ugm-3 (Ref.eq),4,V ugm-3 (Ref.eq),9,V ugm-3 (BAM)
27-02-20,5,V ugm-3 (BAM),4,V ugm-3 (Ref.eq),5,V ugm-3 (TEOM FDMS),4,V ugm-3 (Ref.eq),4,V ugm-3 (Ref.eq),11,V ugm-3 (BAM)
28-02-20,5,V ugm-3 (BAM),4,V ugm-3 (Ref.eq),6,V ugm-3 (TEOM FDMS),5,V ugm-3 (Ref.eq),4,V ugm-3 (Ref.eq),9,V ugm-3 (BAM)
29-02-20,7,V ugm-3 (BAM),6,V ugm-3 (Ref.eq),7,V ugm-3 (TEOM FDMS),7,V ugm-3 (Ref.eq),7,V ugm-3 (Ref.eq),10,V ugm-3 (BAM)
01-03-20,5,V ugm-3 (BAM),4,V ugm-3 (Ref.eq),5,V ugm-3 (TEOM FDMS),5,V ugm-3 (Ref.eq),5,V ugm-3 (Ref.eq),7,V ugm-3 (BAM)
02-03-20,5,V ugm-3 (BAM),3,V ugm-3 (Ref.eq),4,V ugm-3 (TEOM FDMS),3,V ugm-3 (Ref.eq),3,V ugm-3 (Ref.eq),7,V ugm-3 (BAM)
03-03-20,6,V ugm-3 (BAM),6,V ugm-3 (Ref.eq),9,V ugm-3 (TEOM FDMS),6,V ugm-3 (Ref.eq),5,V ugm-3 (Ref.eq),9,V ugm-3 (BAM)
04-03-20,7,V ugm-3 (BAM),7,V ugm-3 (Ref.eq),9,V ugm-3 (TEOM FDMS),8,V ugm-3 (Ref.eq),6,V ugm-3 (Ref.eq),11,V ugm-3 (BAM)
05-03-20,8,V ugm-3 (BAM),9,V ugm-3 (Ref.eq),7,V ugm-3 (TEOM FDMS),9,V ugm-3 (Ref.eq),9,V ugm-3 (Ref.eq),13,V ugm-3 (BAM)
06-03-20,10,V ugm-3 (BAM),13,V ugm-3 (Ref.eq),10,V ugm-3 (TEOM FDMS),10,V ugm-3 (Ref.eq),12,V ugm-3 (Ref.eq),14,V ugm-3 (BAM)
07-03-20,11,V ugm-3 (BAM),10,V ugm-3 (Ref.eq),13,V ugm-3 (TEOM FDMS),12,V ugm-3 (Ref.eq),11,V ugm-3 (Ref.eq),14,V ugm-3 (BAM)
08-03-20,5,V ugm-3 (BAM),4,V ugm-3 (Ref.eq),5,V ugm-3 (TEOM FDMS),5,V ugm-3 (Ref.eq),5,V ugm-3 (Ref.eq),7,V ugm-3 (BAM)
09-03-20,4,V ugm-3 (BAM),5,V ugm-3 (Ref.eq),7,V ugm-3 (TEOM FDMS),5,V ugm-3 (Ref.eq),5,V ugm-3 (Ref.eq),8,V ugm-3 (BAM)
10-03-20,2,V ugm-3 (BAM),1,V ugm-3 (Ref.eq),4,V ugm-3 (TEOM FDMS),1,V ugm-3 (Ref.eq),1,V ugm-3 (Ref.eq),5,V ugm-3 (BAM)
11-03-20,3,V ugm-3 (BAM),3,V ugm-3 (Ref.eq),3,V ugm-3 (TEOM FDMS),3,V ugm-3 (Ref.eq),2,V ugm-3 (Ref.eq),6,V ugm-3 (BAM)
12-03-20,5,V ugm-3 (BAM),No data,V ugm-3 (Ref.eq),6,V ugm-3 (TEOM FDMS),6,V ugm-3 (Ref.eq),6,V ugm-3 (Ref.eq),8,V ugm-3 (BAM)
13-03-20,7,V ugm-3 (BAM),No data,V ugm-3 (Ref.eq),7,V ugm-3 (TEOM FDMS),6,V ugm-3 (Ref.eq),6,V ugm-3 (Ref.eq),7,V ugm-3 (BAM)
14-03-20,5,V ugm-3 (BAM),4,V ugm-3 (Ref.eq),5,V ugm-3 (TEOM FDMS),4,V ugm-3 (Ref.eq),4,V ugm-3 (Ref.eq),5,V ugm-3 (BAM)
15-03-20,4,V ugm-3 (BAM),4,V ugm-3 (Ref.eq),4,V ugm-3 (TEOM FDMS),4,V ugm-3 (Ref.eq),4,V ugm-3 (Ref.eq),5,V ugm-3 (BAM)
16-03-20,7,V ugm-3 (BAM),6,V ugm-3 (Ref.eq),7,V ugm-3 (TEOM FDMS),6,V ugm-3 (Ref.eq),6,V ugm-3 (Ref.eq),9,V ugm-3 (BAM)
17-03-20,5,V ugm-3 (BAM),7,V ugm-3 (Ref.eq),6,V ugm-3 (TEOM FDMS),6,V ugm-3 (Ref.eq),6,V ugm-3 (Ref.eq),7,V ugm-3 (BAM)
18-03-20,6,V ugm-3 (BAM),6,V ugm-3 (Ref.eq),7,V ugm-3 (TEOM FDMS),6,V ugm-3 (Ref.eq),6,V ugm-3 (Ref.eq),8,V ugm-3 (BAM)
19-03-20,9,V ugm-3 (BAM),9,V ugm-3 (Ref.eq),8,V ugm-3 (TEOM FDMS),10,V ugm-3 (Ref.eq),11,V ugm-3 (Ref.eq),13,V ugm-3 (BAM)
20-03-20,6,V ugm-3 (BAM),5,V ugm-3 (Ref.eq),2,V ugm-3 (TEOM FDMS),5,V ugm-3 (Ref.eq),5,V ugm-3 (Ref.eq),7,V ugm-3 (BAM)
21-03-20,7,V ugm-3 (BAM),7,V ugm-3 (Ref.eq),5,V ugm-3 (TEOM FDMS),7,V ugm-3 (Ref.eq),7,V ugm-3 (Ref.eq),9,V ugm-3 (BAM)
22-03-20,11,V ugm-3 (BAM),10,V ugm-3 (Ref.eq),8,V ugm-3 (TEOM FDMS),10,V ugm-3 (Ref.eq),10,V ugm-3 (Ref.eq),11,V ugm-3 (BAM)
23-03-20,12,V ugm-3 (BAM),14,V ugm-3 (Ref.eq),11,V ugm-3 (TEOM FDMS),12,V ugm-3 (Ref.eq),11,V ugm-3 (Ref.eq),14,V ugm-3 (BAM)
24-03-20,13,V ugm-3 (BAM),15,V ugm-3 (Ref.eq),11,V ugm-3 (TEOM FDMS),13,V ugm-3 (Ref.eq),14,V ugm-3 (Ref.eq),14,V ugm-3 (BAM)
25-03-20,22,V ugm-3 (BAM),21,V ugm-3 (Ref.eq),21,V ugm-3 (TEOM FDMS),21,V ugm-3 (Ref.eq),20,V ugm-3 (Ref.eq),21,V ugm-3 (BAM)
26-03-20,28,V ugm-3 (BAM),25,V ugm-3 (Ref.eq),26,V ugm-3 (TEOM FDMS),28,V ugm-3 (Ref.eq),28,V ugm-3 (Ref.eq),28,V ugm-3 (BAM)
27-03-20,28,V ugm-3 (BAM),27,V ugm-3 (Ref.eq),26,V ugm-3 (TEOM FDMS),29,V ugm-3 (Ref.eq),29,V ugm-3 (Ref.eq),29,V ugm-3 (BAM)
28-03-20,13,V ugm-3 (BAM),13,V ugm-3 (Ref.eq),12,V ugm-3 (TEOM FDMS),14,V ugm-3 (Ref.eq),14,V ugm-3 (Ref.eq),15,V ugm-3 (BAM)
29-03-20,5,V ugm-3 (BAM),6,V ugm-3 (Ref.eq),3,V ugm-3 (TEOM FDMS),6,V ugm-3 (Ref.eq),6,V ugm-3 (Ref.eq),7,V ugm-3 (BAM)
30-03-20,5,V ugm-3 (BAM),5,V ugm-3 (Ref.eq),3,V ugm-3 (TEOM FDMS),5,V ugm-3 (Ref.eq),5,V ugm-3 (Ref.eq),6,V ugm-3 (BAM)
31-03-20,8,V ugm-3 (BAM),7,V ugm-3 (Ref.eq),6,V ugm-3 (TEOM FDMS),7,V ugm-3 (Ref.eq),7,V ugm-3 (Ref.eq),8,V ugm-3 (BAM)
01-04-20,8,V ugm-3 (BAM),9,V ugm-3 (Ref.eq),8,V ugm-3 (TEOM FDMS),8,V ugm-3 (Ref.eq),9,V ugm-3 (Ref.eq),11,V ugm-3 (BAM)
02-04-20,6,V ugm-3 (BAM),6,V ugm-3 (Ref.eq),5,V ugm-3 (TEOM FDMS),5,V ugm-3 (Ref.eq),5,V ugm-3 (Ref.eq),7,V ugm-3 (BAM)
03-04-20,8,V ugm-3 (BAM),8,V ugm-3 (Ref.eq),7,V ugm-3 (TEOM FDMS),7,V ugm-3 (Ref.eq),7,V ugm-3 (Ref.eq),11,V ugm-3 (BAM)
04-04-20,12,V ugm-3 (BAM),11,V ugm-3 (Ref.eq),11,V ugm-3 (TEOM FDMS),10,V ugm-3 (Ref.eq),9,V ugm-3 (Ref.eq),14,V ugm-3 (BAM)
05-04-20,10,V ugm-3 (BAM),9,V ugm-3 (Ref.eq),9,V ugm-3 (TEOM FDMS),9,V ugm-3 (Ref.eq),9,V ugm-3 (Ref.eq),11,V ugm-3 (BAM)
06-04-20,6,V ugm-3 (BAM),6,V ugm-3 (Ref.eq),6,V ugm-3 (TEOM FDMS),6,V ugm-3 (Ref.eq),6,V ugm-3 (Ref.eq),9,V ugm-3 (BAM)
07-04-20,14,V ugm-3 (BAM),11,V ugm-3 (Ref.eq),13,V ugm-3 (TEOM FDMS),11,V ugm-3 (Ref.eq),11,V ugm-3 (Ref.eq),16,V ugm-3 (BAM)
08-04-20,35,V ugm-3 (BAM),32,V ugm-3 (Ref.eq),35,V ugm-3 (TEOM FDMS),34,V ugm-3 (Ref.eq),34,V ugm-3 (Ref.eq),39,V ugm-3 (BAM)
09-04-20,43,V ugm-3 (BAM),39,V ugm-3 (Ref.eq),42,V ugm-3 (TEOM FDMS),40,V ugm-3 (Ref.eq),43,V ugm-3 (Ref.eq),46,V ugm-3 (BAM)
10-04-20,30,V ugm-3 (BAM),29,V ugm-3 (Ref.eq),29,V ugm-3 (TEOM FDMS),27,V ugm-3 (Ref.eq),27,V ugm-3 (Ref.eq),33,V ugm-3 (BAM)
11-04-20,23,V ugm-3 (BAM),22,V ugm-3 (Ref.eq),22,V ugm-3 (TEOM FDMS),19,V ugm-3 (Ref.eq),19,V ugm-3 (Ref.eq),25,V ugm-3 (BAM)
12-04-20,19,V ugm-3 (BAM),22,V ugm-3 (Ref.eq),18,V ugm-3 (TEOM FDMS),19,V ugm-3 (Ref.eq),19,V ugm-3 (Ref.eq),21,V ugm-3 (BAM)
13-04-20,8,V ugm-3 (BAM),8,V ugm-3 (Ref.eq),5,V ugm-3 (TEOM FDMS),7,V ugm-3 (Ref.eq),8,V ugm-3 (Ref.eq),10,V ugm-3 (BAM)
14-04-20,7,V ugm-3 (BAM),8,V ugm-3 (Ref.eq),6,V ugm-3 (TEOM FDMS),7,V ugm-3 (Ref.eq),8,V ugm-3 (Ref.eq),9,V ugm-3 (BAM)
15-04-20,18,V ugm-3 (BAM),17,V ugm-3 (Ref.eq),17,V ugm-3 (TEOM FDMS),17,V ugm-3 (Ref.eq),16,V ugm-3 (Ref.eq),19,V ugm-3 (BAM)
16-04-20,35,V ugm-3 (BAM),33,V ugm-3 (Ref.eq),34,V ugm-3 (TEOM FDMS),34,V ugm-3 (Ref.eq),34,V ugm-3 (Ref.eq),No data,V ugm-3 (BAM)
17-04-20,10,V ugm-3 (BAM),11,V ugm-3 (Ref.eq),8,V ugm-3 (TEOM FDMS),10,V ugm-3 (Ref.eq),11,V ugm-3 (Ref.eq),No data,V ugm-3 (BAM)
18-04-20,13,V ugm-3 (BAM),15,V ugm-3 (Ref.eq),12,V ugm-3 (TEOM FDMS),14,V ugm-3 (Ref.eq),14,V ugm-3 (Ref.eq),No data,V ugm-3 (BAM)
19-04-20,11,V ugm-3 (BAM),10,V ugm-3 (Ref.eq),9,V ugm-3 (TEOM FDMS),9,V ugm-3 (Ref.eq),9,V ugm-3 (Ref.eq),No data,V ugm-3 (BAM)
20-04-20,10,V ugm-3 (BAM),9,V ugm-3 (Ref.eq),8,V ugm-3 (TEOM FDMS),9,V ugm-3 (Ref.eq),9,V ugm-3 (Ref.eq),No data,V ugm-3 (BAM)
21-04-20,10,V ugm-3 (BAM),11,V ugm-3 (Ref.eq),10,V ugm-3 (TEOM FDMS),10,V ugm-3 (Ref.eq),10,V ugm-3 (Ref.eq),12,V ugm-3 (BAM)
22-04-20,14,V ugm-3 (BAM),14,V ugm-3 (Ref.eq),13,V ugm-3 (TEOM FDMS),14,V ugm-3 (Ref.eq),14,V ugm-3 (Ref.eq),16,V ugm-3 (BAM)
23-04-20,20,V ugm-3 (BAM),17,V ugm-3 (Ref.eq),19,V ugm-3 (TEOM FDMS),18,V ugm-3 (Ref.eq),17,V ugm-3 (Ref.eq),22,V ugm-3 (BAM)
24-04-20,20,V ugm-3 (BAM),17,V ugm-3 (Ref.eq),19,V ugm-3 (TEOM FDMS),17,V ugm-3 (Ref.eq),19,V ugm-3 (Ref.eq),22,V ugm-3 (BAM)
25-04-20,12,V ugm-3 (BAM),No data,V ugm-3 (Ref.eq),11,V ugm-3 (TEOM FDMS),12,V ugm-3 (Ref.eq),12,V ugm-3 (Ref.eq),14,V ugm-3 (BAM)
26-04-20,12,V ugm-3 (BAM),,,11,V ugm-3 (TEOM FDMS),11,V ugm-3 (Ref.eq),10,V ugm-3 (Ref.eq),14,V ugm-3 (BAM)
27-04-20,16,V ugm-3 (BAM),No data,V ugm-3 (Ref.eq),16,V ugm-3 (TEOM FDMS),16,V ugm-3 (Ref.eq),15,V ugm-3 (Ref.eq),18,V ugm-3 (BAM)
28-04-20,6,V ugm-3 (BAM),5,V ugm-3 (Ref.eq),4,V ugm-3 (TEOM FDMS),5,V ugm-3 (Ref.eq),5,V ugm-3 (Ref.eq),8,V ugm-3 (BAM)
29-04-20,7,V ugm-3 (BAM),6,V ugm-3 (Ref.eq),5,V ugm-3 (TEOM FDMS),6,V ugm-3 (Ref.eq),6,V ugm-3 (Ref.eq),9,V ugm-3 (BAM)
30-04-20,4,V ugm-3 (BAM),4,V ugm-3 (Ref.eq),2,V ugm-3 (TEOM FDMS),4,V ugm-3 (Ref.eq),4,V ugm-3 (Ref.eq),6,V ugm-3 (BAM)
01-05-20,5,V ugm-3 (BAM),4,V ugm-3 (Ref.eq),4,V ugm-3 (TEOM FDMS),4,V ugm-3 (Ref.eq),4,V ugm-3 (Ref.eq),7,V ugm-3 (BAM)
02-05-20,6,V ugm-3 (BAM),4,V ugm-3 (Ref.eq),3,V ugm-3 (TEOM FDMS),4,V ugm-3 (Ref.eq),3,V ugm-3 (Ref.eq),8,V ugm-3 (BAM)
03-05-20,9,V ugm-3 (BAM),6,V ugm-3 (Ref.eq),6,V ugm-3 (TEOM FDMS),6,V ugm-3 (Ref.eq),5,V ugm-3 (Ref.eq),10,V ugm-3 (BAM)
04-05-20,11,V ugm-3 (BAM),8,V ugm-3 (Ref.eq),7,V ugm-3 (TEOM FDMS),8,V ugm-3 (Ref.eq),8,V ugm-3 (Ref.eq),12,V ugm-3 (BAM)
05-05-20,8,V ugm-3 (BAM),5,V ugm-3 (Ref.eq),4,V ugm-3 (TEOM FDMS),5,V ugm-3 (Ref.eq),5,V ugm-3 (Ref.eq),8,V ugm-3 (BAM)
06-05-20,13,V ugm-3 (BAM),9,V ugm-3 (Ref.eq),9,V ugm-3 (TEOM FDMS),9,V ugm-3 (Ref.eq),9,V ugm-3 (Ref.eq),14,V ugm-3 (BAM)
07-05-20,17,V ugm-3 (BAM),12,V ugm-3 (Ref.eq),14,V ugm-3 (TEOM FDMS),12,V ugm-3 (Ref.eq),10,V ugm-3 (Ref.eq),18,V ugm-3 (BAM)
08-05-20,17,V ugm-3 (BAM),12,V ugm-3 (Ref.eq),14,V ugm-3 (TEOM FDMS),12,V ugm-3 (Ref.eq),9,V ugm-3 (Ref.eq),17,V ugm-3 (BAM)
09-05-20,29,V ugm-3 (BAM),22,V ugm-3 (Ref.eq),25,V ugm-3 (TEOM FDMS),24,V ugm-3 (Ref.eq),21,V ugm-3 (Ref.eq),28,V ugm-3 (BAM)
10-05-20,18,V ugm-3 (BAM),12,V ugm-3 (Ref.eq),12,V ugm-3 (TEOM FDMS),13,V ugm-3 (Ref.eq),No data,V ugm-3 (Ref.eq),17,V ugm-3 (BAM)
11-05-20,9,V ugm-3 (BAM),4,V ugm-3 (Ref.eq),2,V ugm-3 (TEOM FDMS),4,V ugm-3 (Ref.eq),No data,V ugm-3 (Ref.eq),7,V ugm-3 (BAM)
12-05-20,8,V ugm-3 (BAM),5,V ugm-3 (Ref.eq),4,V ugm-3 (TEOM FDMS),5,V ugm-3 (Ref.eq),5,V ugm-3 (Ref.eq),7,V ugm-3 (BAM)
13-05-20,9,V ugm-3 (BAM),5,V ugm-3 (Ref.eq),3,V ugm-3 (TEOM FDMS),4,V ugm-3 (Ref.eq),5,V ugm-3 (Ref.eq),7,V ugm-3 (BAM)
14-05-20,9,V ugm-3 (BAM),4,V ugm-3 (Ref.eq),3,V ugm-3 (TEOM FDMS),3,V ugm-3 (Ref.eq),3,V ugm-3 (Ref.eq),7,V ugm-3 (BAM)
15-05-20,11,V ugm-3 (BAM),7,V ugm-3 (Ref.eq),6,V ugm-3 (TEOM FDMS),6,V ugm-3 (Ref.eq),7,V ugm-3 (Ref.eq),9,V ugm-3 (BAM)
16-05-20,10,V ugm-3 (BAM),5,V ugm-3 (Ref.eq),6,V ugm-3 (TEOM FDMS),5,V ugm-3 (Ref.eq),6,V ugm-3 (Ref.eq),8,V ugm-3 (BAM)
17-05-20,11,V ugm-3 (BAM),5,V ugm-3 (Ref.eq),7,V ugm-3 (TEOM FDMS),5,V ugm-3 (Ref.eq),6,V ugm-3 (Ref.eq),9,V ugm-3 (BAM)
18-05-20,9,V ugm-3 (BAM),5,V ugm-3 (Ref.eq),6,V ugm-3 (TEOM FDMS),5,V ugm-3 (Ref.eq),5,V ugm-3 (Ref.eq),8,V ugm-3 (BAM)
19-05-20,8,V ugm-3 (BAM),4,V ugm-3 (Ref.eq),5,V ugm-3 (TEOM FDMS),4,V ugm-3 (Ref.eq),4,V ugm-3 (Ref.eq),7,V ugm-3 (BAM)
20-05-20,9,V ugm-3 (BAM),5,V ugm-3 (Ref.eq),7,V ugm-3 (TEOM FDMS),5,V ugm-3 (Ref.eq),5,V ugm-3 (Ref.eq),9,V ugm-3 (BAM)
21-05-20,11,V ugm-3 (BAM),5,V ugm-3 (Ref.eq),9,V ugm-3 (TEOM FDMS),6,V ugm-3 (Ref.eq),5,V ugm-3 (Ref.eq),11,V ugm-3 (BAM)
22-05-20,14,V ugm-3 (BAM),10,V ugm-3 (Ref.eq),8,V ugm-3 (TEOM FDMS),9,V ugm-3 (Ref.eq),10,V ugm-3 (Ref.eq),11,V ugm-3 (BAM)
23-05-20,12,V ugm-3 (BAM),8,V ugm-3 (Ref.eq),4,V ugm-3 (TEOM FDMS),7,V ugm-3 (Ref.eq),8,V ugm-3 (Ref.eq),15,V ugm-3 (BAM)
24-05-20,12,V ugm-3 (BAM),8,V ugm-3 (Ref.eq),5,V ugm-3 (TEOM FDMS),8,V ugm-3 (Ref.eq),8,V ugm-3 (Ref.eq),10,V ugm-3 (BAM)
25-05-20,12,V ugm-3 (BAM),7,V ugm-3 (Ref.eq),8,V ugm-3 (TEOM FDMS),8,V ugm-3 (Ref.eq),8,V ugm-3 (Ref.eq),13,V ugm-3 (BAM)
26-05-20,11,V ugm-3 (BAM),7,V ugm-3 (Ref.eq),6,V ugm-3 (TEOM FDMS),7,V ugm-3 (Ref.eq),6,V ugm-3 (Ref.eq),11,V ugm-3 (BAM)
27-05-20,12,V ugm-3 (BAM),6,V ugm-3 (Ref.eq),7,V ugm-3 (TEOM FDMS),6,V ugm-3 (Ref.eq),6,V ugm-3 (Ref.eq),11,V ugm-3 (BAM)
28-05-20,8,V ugm-3 (BAM),6,V ugm-3 (Ref.eq),5,V ugm-3 (TEOM FDMS),5,V ugm-3 (Ref.eq),5,V ugm-3 (Ref.eq),10,V ugm-3 (BAM)
29-05-20,7,V ugm-3 (BAM),6,V ugm-3 (Ref.eq),6,V ugm-3 (TEOM FDMS),6,V ugm-3 (Ref.eq),No data,V ugm-3 (Ref.eq),9,V ugm-3 (BAM)
30-05-20,9,V ugm-3 (BAM),8,V ugm-3 (Ref.eq),7,V ugm-3 (TEOM FDMS),7,V ugm-3 (Ref.eq),8,V ugm-3 (Ref.eq),11,V ugm-3 (BAM)
31-05-20,8,V ugm-3 (BAM),6,V ugm-3 (Ref.eq),6,V ugm-3 (TEOM FDMS),6,V ugm-3 (Ref.eq),6,V ugm-3 (Ref.eq),10,V ugm-3 (BAM)
01-06-20,8,V ugm-3 (BAM),5,V ugm-3 (Ref.eq),6,V ugm-3 (TEOM FDMS),5,V ugm-3 (Ref.eq),5,V ugm-3 (Ref.eq),10,V ugm-3 (BAM)
02-06-20,8,V ugm-3 (BAM),6,V ugm-3 (Ref.eq),7,V ugm-3 (TEOM FDMS),5,V ugm-3 (Ref.eq),6,V ugm-3 (Ref.eq),9,V ugm-3 (BAM)
03-06-20,10,V ugm-3 (BAM),8,V ugm-3 (Ref.eq),10,V ugm-3 (TEOM FDMS),8,V ugm-3 (Ref.eq),9,V ugm-3 (Ref.eq),14,V ugm-3 (BAM)
04-06-20,5,V ugm-3 (BAM),6,V ugm-3 (Ref.eq),3,V ugm-3 (TEOM FDMS),4,V ugm-3 (Ref.eq),4,V ugm-3 (Ref.eq),7,V ugm-3 (BAM)
05-06-20,5,V ugm-3 (BAM),5,V ugm-3 (Ref.eq),3,V ugm-3 (TEOM FDMS),3,V ugm-3 (Ref.eq),3,V ugm-3 (Ref.eq),6,V ugm-3 (BAM)
06-06-20,5,V ugm-3 (BAM),4,V ugm-3 (Ref.eq),4,V ugm-3 (TEOM FDMS),4,V ugm-3 (Ref.eq),4,V ugm-3 (Ref.eq),8,V ugm-3 (BAM)
07-06-20,6,V ugm-3 (BAM),4,V ugm-3 (Ref.eq),4,V ugm-3 (TEOM FDMS),4,V ugm-3 (Ref.eq),4,V ugm-3 (Ref.eq),8,V ugm-3 (BAM)
08-06-20,8,V ugm-3 (BAM),6,V ugm-3 (Ref.eq),4,V ugm-3 (TEOM FDMS),6,V ugm-3 (Ref.eq),6,V ugm-3 (Ref.eq),9,V ugm-3 (BAM)
09-06-20,8,V ugm-3 (BAM),8,V ugm-3 (Ref.eq),6,V ugm-3 (TEOM FDMS),7,V ugm-3 (Ref.eq),7,V ugm-3 (Ref.eq),9,V ugm-3 (BAM)
10-06-20,9,V ugm-3 (BAM),8,V ugm-3 (Ref.eq),9,V ugm-3 (TEOM FDMS),9,V ugm-3 (Ref.eq),8,V ugm-3 (Ref.eq),12,V ugm-3 (BAM)
11-06-20,12,V ugm-3 (BAM),11,V ugm-3 (Ref.eq),10,V ugm-3 (TEOM FDMS),10,V ugm-3 (Ref.eq),10,V ugm-3 (Ref.eq),15,V ugm-3 (BAM)
12-06-20,16,V ugm-3 (BAM),17,V ugm-3 (Ref.eq),17,V ugm-3 (TEOM FDMS),17,V ugm-3 (Ref.eq),16,V ugm-3 (Ref.eq),22,V ugm-3 (BAM)
13-06-20,6,V ugm-3 (BAM),5,V ugm-3 (Ref.eq),7,V ugm-3 (TEOM FDMS),6,V ugm-3 (Ref.eq),4,V ugm-3 (Ref.eq),10,V ugm-3 (BAM)
14-06-20,9,V ugm-3 (BAM),6,V ugm-3 (Ref.eq),9,V ugm-3 (TEOM FDMS),8,V ugm-3 (Ref.eq),4,V ugm-3 (Ref.eq),13,V ugm-3 (BAM)
15-06-20,6,V ugm-3 (BAM),6,V ugm-3 (Ref.eq),6,V ugm-3 (TEOM FDMS),5,V ugm-3 (Ref.eq),4,V ugm-3 (Ref.eq),9,V ugm-3 (BAM)
16-06-20,6,V ugm-3 (BAM),5,V ugm-3 (Ref.eq),6,V ugm-3 (TEOM FDMS),5,V ugm-3 (Ref.eq),5,V ugm-3 (Ref.eq),9,V ugm-3 (BAM)
17-06-20,7,V ugm-3 (BAM),7,V ugm-3 (Ref.eq),8,V ugm-3 (TEOM FDMS),7,V ugm-3 (Ref.eq),6,V ugm-3 (Ref.eq),11,V ugm-3 (BAM)
18-06-20,4,V ugm-3 (BAM),5,V ugm-3 (Ref.eq),6,V ugm-3 (TEOM FDMS),4,V ugm-3 (Ref.eq),4,V ugm-3 (Ref.eq),9,V ugm-3 (BAM)
19-06-20,5,V ugm-3 (BAM),4,V ugm-3 (Ref.eq),5,V ugm-3 (TEOM FDMS),5,V ugm-3 (Ref.eq),4,V ugm-3 (Ref.eq),8,V ugm-3 (BAM)
20-06-20,4,V ugm-3 (BAM),5,V ugm-3 (Ref.eq),4,V ugm-3 (TEOM FDMS),4,V ugm-3 (Ref.eq),4,V ugm-3 (Ref.eq),7,V ugm-3 (BAM)
21-06-20,5,V ugm-3 (BAM),5,V ugm-3 (Ref.eq),4,V ugm-3 (TEOM FDMS),4,V ugm-3 (Ref.eq),5,V ugm-3 (Ref.eq),8,V ugm-3 (BAM)
22-06-20,7,V ugm-3 (BAM),7,V ugm-3 (Ref.eq),6,V ugm-3 (TEOM FDMS),7,V ugm-3 (Ref.eq),7,V ugm-3 (Ref.eq),11,V ugm-3 (BAM)
23-06-20,9,V ugm-3 (BAM),8,V ugm-3 (Ref.eq),8,V ugm-3 (TEOM FDMS),7,V ugm-3 (Ref.eq),7,V ugm-3 (Ref.eq),14,V ugm-3 (BAM)
24-06-20,13,V ugm-3 (BAM),12,V ugm-3 (Ref.eq),14,V ugm-3 (TEOM FDMS),11,V ugm-3 (Ref.eq),12,V ugm-3 (Ref.eq),18,V ugm-3 (BAM)
25-06-20,14,V ugm-3 (BAM),10,V ugm-3 (Ref.eq),14,V ugm-3 (TEOM FDMS),10,V ugm-3 (Ref.eq),10,V ugm-3 (Ref.eq),17,V ugm-3 (BAM)
26-06-20,12,V ugm-3 (BAM),10,V ugm-3 (Ref.eq),13,V ugm-3 (TEOM FDMS),10,V ugm-3 (Ref.eq),9,V ugm-3 (Ref.eq),16,V ugm-3 (BAM)
27-06-20,6,V ugm-3 (BAM),4,V ugm-3 (Ref.eq),4,V ugm-3 (TEOM FDMS),5,V ugm-3 (Ref.eq),5,V ugm-3 (Ref.eq),8,V ugm-3 (BAM)
28-06-20,5,V ugm-3 (BAM),3,V ugm-3 (Ref.eq),3,V ugm-3 (TEOM FDMS),4,V ugm-3 (Ref.eq),4,V ugm-3 (Ref.eq),7,V ugm-3 (BAM)
29-06-20,5,V ugm-3 (BAM),5,V ugm-3 (Ref.eq),4,V ugm-3 (TEOM FDMS),5,V ugm-3 (Ref.eq),5,V ugm-3 (Ref.eq),7,V ugm-3 (BAM)
30-06-20,4,V ugm-3 (BAM),3,V ugm-3 (Ref.eq),3,V ugm-3 (TEOM FDMS),3,V ugm-3 (Ref.eq),3,V ugm-3 (Ref.eq),6,V ugm-3 (BAM)
01-07-20,4,V ugm-3 (BAM),3,V ugm-3 (Ref.eq),4,V ugm-3 (TEOM FDMS),3,V ugm-3 (Ref.eq),3,V ugm-3 (Ref.eq),6,V ugm-3 (BAM)
02-07-20,5,V ugm-3 (BAM),3,V ugm-3 (Ref.eq),5,V ugm-3 (TEOM FDMS),3,V ugm-3 (Ref.eq),3,V ugm-3 (Ref.eq),7,V ugm-3 (BAM)
03-07-20,5,V ugm-3 (BAM),4,V ugm-3 (Ref.eq),7,V ugm-3 (TEOM FDMS),5,V ugm-3 (Ref.eq),5,V ugm-3 (Ref.eq),7,V ugm-3 (BAM)
04-07-20,4,V ugm-3 (BAM),3,V ugm-3 (Ref.eq),5,V ugm-3 (TEOM FDMS),3,V ugm-3 (Ref.eq),3,V ugm-3 (Ref.eq),6,V ugm-3 (BAM)
05-07-20,4,V ugm-3 (BAM),4,V ugm-3 (Ref.eq),5,V ugm-3 (TEOM FDMS),4,V ugm-3 (Ref.eq),5,V ugm-3 (Ref.eq),7,V ugm-3 (BAM)
06-07-20,6,V ugm-3 (BAM),5,V ugm-3 (Ref.eq),5,V ugm-3 (TEOM FDMS),5,V ugm-3 (Ref.eq),5,V ugm-3 (Ref.eq),9,V ugm-3 (BAM)
07-07-20,7,V ugm-3 (BAM),5,V ugm-3 (Ref.eq),8,V ugm-3 (TEOM FDMS),5,V ugm-3 (Ref.eq),5,V ugm-3 (Ref.eq),8,V ugm-3 (BAM)
08-07-20,4,V ugm-3 (BAM),3,V ugm-3 (Ref.eq),5,V ugm-3 (TEOM FDMS),3,V ugm-3 (Ref.eq),3,V ugm-3 (Ref.eq),6,V ugm-3 (BAM)
09-07-20,5,V ugm-3 (BAM),3,V ugm-3 (Ref.eq),6,V ugm-3 (TEOM FDMS),4,V ugm-3 (Ref.eq),3,V ugm-3 (Ref.eq),7,V ugm-3 (BAM)
10-07-20,5,V ugm-3 (BAM),3,V ugm-3 (Ref.eq),3,V ugm-3 (TEOM FDMS),3,V ugm-3 (Ref.eq),2,V ugm-3 (Ref.eq),6,V ugm-3 (BAM)
11-07-20,No data,V ugm-3 (BAM),4,V ugm-3 (Ref.eq),5,V ugm-3 (TEOM FDMS),4,V ugm-3 (Ref.eq),4,V ugm-3 (Ref.eq),7,V ugm-3 (BAM)
12-07-20,No data,V ugm-3 (BAM),5,V ugm-3 (Ref.eq),8,V ugm-3 (TEOM FDMS),5,V ugm-3 (Ref.eq),6,V ugm-3 (Ref.eq),11,V ugm-3 (BAM)
13-07-20,No data,V ugm-3 (BAM),4,V ugm-3 (Ref.eq),6,V ugm-3 (TEOM FDMS),3,V ugm-3 (Ref.eq),3,V ugm-3 (Ref.eq),7,V ugm-3 (BAM)
14-07-20,No data,V ugm-3 (BAM),4,V ugm-3 (Ref.eq),5,V ugm-3 (TEOM FDMS),4,V ugm-3 (Ref.eq),4,V ugm-3 (Ref.eq),8,V ugm-3 (BAM)
15-07-20,No data,V ugm-3 (BAM),5,V ugm-3 (Ref.eq),4,V ugm-3 (TEOM FDMS),3,V ugm-3 (Ref.eq),3,V ugm-3 (Ref.eq),7,V ugm-3 (BAM)
16-07-20,No data,V ugm-3 (BAM),3,V ugm-3 (Ref.eq),4,V ugm-3 (TEOM FDMS),3,V ugm-3 (Ref.eq),3,V ugm-3 (Ref.eq),7,V ugm-3 (BAM)
17-07-20,No data,V ugm-3 (BAM),6,V ugm-3 (Ref.eq),8,V ugm-3 (TEOM FDMS),5,V ugm-3 (Ref.eq),5,V ugm-3 (Ref.eq),10,V ugm-3 (BAM)
18-07-20,No data,V ugm-3 (BAM),4,V ugm-3 (Ref.eq),5,V ugm-3 (TEOM FDMS),4,V ugm-3 (Ref.eq),4,V ugm-3 (Ref.eq),7,V ugm-3 (BAM)
19-07-20,No data,V ugm-3 (BAM),3,V ugm-3 (Ref.eq),3,V ugm-3 (TEOM FDMS),3,V ugm-3 (Ref.eq),3,V ugm-3 (Ref.eq),7,V ugm-3 (BAM)
20-07-20,No data,V ugm-3 (BAM),5,V ugm-3 (Ref.eq),4,V ugm-3 (TEOM FDMS),4,V ugm-3 (Ref.eq),4,V ugm-3 (Ref.eq),No data,V ugm-3 (BAM)
21-07-20,No data,V ugm-3 (BAM),5,V ugm-3 (Ref.eq),4,V ugm-3 (TEOM FDMS),4,V ugm-3 (Ref.eq),4,V ugm-3 (Ref.eq),No data,V ugm-3 (BAM)
22-07-20,No data,V ugm-3 (BAM),5,V ugm-3 (Ref.eq),8,V ugm-3 (TEOM FDMS),4,V ugm-3 (Ref.eq),5,V ugm-3 (Ref.eq),No data,V ugm-3 (BAM)
23-07-20,No data,V ugm-3 (BAM),4,V ugm-3 (Ref.eq),7,V ugm-3 (TEOM FDMS),4,V ugm-3 (Ref.eq),5,V ugm-3 (Ref.eq),No data,V ugm-3 (BAM)
24-07-20,No data,V ugm-3 (BAM),4,V ugm-3 (Ref.eq),6,V ugm-3 (TEOM FDMS),4,V ugm-3 (Ref.eq),4,V ugm-3 (Ref.eq),7,V ugm-3 (BAM)
25-07-20,No data,V ugm-3 (BAM),3,V ugm-3 (Ref.eq),5,V ugm-3 (TEOM FDMS),3,V ugm-3 (Ref.eq),3,V ugm-3 (Ref.eq),7,V ugm-3 (BAM)
26-07-20,No data,V ugm-3 (BAM),4,V ugm-3 (Ref.eq),5,V ugm-3 (TEOM FDMS),4,V ugm-3 (Ref.eq),4,V ugm-3 (Ref.eq),7,V ugm-3 (BAM)
27-07-20,No data,V ugm-3 (BAM),5,V ugm-3 (Ref.eq),5,V ugm-3 (TEOM FDMS),5,V ugm-3 (Ref.eq),5,V ugm-3 (Ref.eq),8,V ugm-3 (BAM)
28-07-20,5,V ugm-3 (BAM),3,V ugm-3 (Ref.eq),No data,V ugm-3 (TEOM FDMS),3,V ugm-3 (Ref.eq),3,V ugm-3 (Ref.eq),6,V ugm-3 (BAM)
29-07-20,6,V ugm-3 (BAM),4,V ugm-3 (Ref.eq),No data,V ugm-3 (TEOM FDMS),4,V ugm-3 (Ref.eq),3,V ugm-3 (Ref.eq),8,V ugm-3 (BAM)
30-07-20,9,V ugm-3 (BAM),4,V ugm-3 (Ref.eq),No data,V ugm-3 (TEOM FDMS),4,V ugm-3 (Ref.eq),4,V ugm-3 (Ref.eq),9,V ugm-3 (BAM)
31-07-20,17,V ugm-3 (BAM),9,V ugm-3 (Ref.eq),16,V ugm-3 (TEOM FDMS),12,V ugm-3 (Ref.eq),8,V ugm-3 (Ref.eq),16,V ugm-3 (BAM)
01-08-20,8,V ugm-3 (BAM),4,V ugm-3 (Ref.eq),6,V ugm-3 (TEOM FDMS),4,V ugm-3 (Ref.eq),4,V ugm-3 (Ref.eq),8,V ugm-3 (BAM)
02-08-20,7,V ugm-3 (BAM),3,V ugm-3 (Ref.eq),5,V ugm-3 (TEOM FDMS),3,V ugm-3 (Ref.eq),3,V ugm-3 (Ref.eq),7,V ugm-3 (BAM)
03-08-20,No data,V ugm-3 (BAM),3,V ugm-3 (Ref.eq),5,V ugm-3 (TEOM FDMS),3,V ugm-3 (Ref.eq),3,V ugm-3 (Ref.eq),7,V ugm-3 (BAM)
04-08-20,No data,V ugm-3 (BAM),No data,V ugm-3 (Ref.eq),7,V ugm-3 (TEOM FDMS),4,V ugm-3 (Ref.eq),4,V ugm-3 (Ref.eq),8,V ugm-3 (BAM)
05-08-20,4,V ugm-3 (BAM),No data,V ugm-3 (Ref.eq),5,V ugm-3 (TEOM FDMS),3,V ugm-3 (Ref.eq),3,V ugm-3 (Ref.eq),7,V ugm-3 (BAM)
06-08-20,5,V ugm-3 (BAM),3,V ugm-3 (Ref.eq),6,V ugm-3 (TEOM FDMS),3,V ugm-3 (Ref.eq),3,V ugm-3 (Ref.eq),8,V ugm-3 (BAM)
07-08-20,12,V ugm-3 (BAM),9,V ugm-3 (Ref.eq),14,V ugm-3 (TEOM FDMS),9,V ugm-3 (Ref.eq),No data,V ugm-3 (Ref.eq),16,V ugm-3 (BAM)
08-08-20,15,V ugm-3 (BAM),10,V ugm-3 (Ref.eq),16,V ugm-3 (TEOM FDMS),13,V ugm-3 (Ref.eq),No data,V ugm-3 (Ref.eq),19,V ugm-3 (BAM)
09-08-20,18,V ugm-3 (BAM),17,V ugm-3 (Ref.eq),19,V ugm-3 (TEOM FDMS),17,V ugm-3 (Ref.eq),No data,V ugm-3 (Ref.eq),20,V ugm-3 (BAM)
10-08-20,18,V ugm-3 (BAM),17,V ugm-3 (Ref.eq),21,V ugm-3 (TEOM FDMS),19,V ugm-3 (Ref.eq),No data,V ugm-3 (Ref.eq),21,V ugm-3 (BAM)
11-08-20,26,V ugm-3 (BAM),25,V ugm-3 (Ref.eq),30,V ugm-3 (TEOM FDMS),No data,V ugm-3 (Ref.eq),No data,V ugm-3 (Ref.eq),32,V ugm-3 (BAM)
12-08-20,34,V ugm-3 (BAM),31,V ugm-3 (Ref.eq),40,V ugm-3 (TEOM FDMS),No data,V ugm-3 (Ref.eq),No data,V ugm-3 (Ref.eq),39,V ugm-3 (BAM)
13-08-20,19,V ugm-3 (BAM),21,V ugm-3 (Ref.eq),23,V ugm-3 (TEOM FDMS),20,V ugm-3 (Ref.eq),No data,V ugm-3 (Ref.eq),24,V ugm-3 (BAM)
14-08-20,11,V ugm-3 (BAM),11,V ugm-3 (Ref.eq),11,V ugm-3 (TEOM FDMS),10,V ugm-3 (Ref.eq),No data,V ugm-3 (Ref.eq),14,V ugm-3 (BAM)
15-08-20,9,V ugm-3 (BAM),13,V ugm-3 (Ref.eq),15,V ugm-3 (TEOM FDMS),13,V ugm-3 (Ref.eq),No data,V ugm-3 (Ref.eq),18,V ugm-3 (BAM)
16-08-20,11,V ugm-3 (BAM),16,V ugm-3 (Ref.eq),21,V ugm-3 (TEOM FDMS),17,V ugm-3 (Ref.eq),No data,V ugm-3 (Ref.eq),22,V ugm-3 (BAM)
17-08-20,5,V ugm-3 (BAM),6,V ugm-3 (Ref.eq),9,V ugm-3 (TEOM FDMS),4,V ugm-3 (Ref.eq),No data,V ugm-3 (Ref.eq),9,V ugm-3 (BAM)
18-08-20,1,V ugm-3 (BAM),4,V ugm-3 (Ref.eq),6,V ugm-3 (TEOM FDMS),3,V ugm-3 (Ref.eq),3,V ugm-3 (Ref.eq),7,V ugm-3 (BAM)
19-08-20,2,V ugm-3 (BAM),4,V ugm-3 (Ref.eq),7,V ugm-3 (TEOM FDMS),4,V ugm-3 (Ref.eq),3,V ugm-3 (Ref.eq),8,V ugm-3 (BAM)
20-08-20,6,V ugm-3 (BAM),8,V ugm-3 (Ref.eq),9,V ugm-3 (TEOM FDMS),8,V ugm-3 (Ref.eq),7,V ugm-3 (Ref.eq),11,V ugm-3 (BAM)
21-08-20,6,V ugm-3 (BAM),7,V ugm-3 (Ref.eq),7,V ugm-3 (TEOM FDMS),8,V ugm-3 (Ref.eq),8,V ugm-3 (Ref.eq),10,V ugm-3 (BAM)
22-08-20,7,V ugm-3 (BAM),4,V ugm-3 (Ref.eq),6,V ugm-3 (TEOM FDMS),5,V ugm-3 (Ref.eq),5,V ugm-3 (Ref.eq),8,V ugm-3 (BAM)
23-08-20,No data,V ugm-3 (BAM),4,V ugm-3 (Ref.eq),No data,V ugm-3 (TEOM FDMS),4,V ugm-3 (Ref.eq),4,V ugm-3 (Ref.eq),7,V ugm-3 (BAM)
24-08-20,No data,V ugm-3 (BAM),3,V ugm-3 (Ref.eq),No data,V ugm-3 (TEOM FDMS),3,V ugm-3 (Ref.eq),3,V ugm-3 (Ref.eq),7,V ugm-3 (BAM)
25-08-20,No data,V ugm-3 (BAM),3,V ugm-3 (Ref.eq),6,V ugm-3 (TEOM FDMS),4,V ugm-3 (Ref.eq),4,V ugm-3 (Ref.eq),8,V ugm-3 (BAM)
26-08-20,4,V ugm-3 (BAM),4,V ugm-3 (Ref.eq),6,V ugm-3 (TEOM FDMS),4,V ugm-3 (Ref.eq),3,V ugm-3 (Ref.eq),8,V ugm-3 (BAM)
27-08-20,5,V ugm-3 (BAM),5,V ugm-3 (Ref.eq),8,V ugm-3 (TEOM FDMS),6,V ugm-3 (Ref.eq),5,V ugm-3 (Ref.eq),9,V ugm-3 (BAM)
28-08-20,2,V ugm-3 (BAM),3,V ugm-3 (Ref.eq),5,V ugm-3 (TEOM FDMS),3,V ugm-3 (Ref.eq),3,V ugm-3 (Ref.eq),6,V ugm-3 (BAM)
29-08-20,4,V ugm-3 (BAM),4,V ugm-3 (Ref.eq),4,V ugm-3 (TEOM FDMS),4,V ugm-3 (Ref.eq),4,V ugm-3 (Ref.eq),7,V ugm-3 (BAM)
30-08-20,5,V ugm-3 (BAM),5,V ugm-3 (Ref.eq),4,V ugm-3 (TEOM FDMS),5,V ugm-3 (Ref.eq),5,V ugm-3 (Ref.eq),7,V ugm-3 (BAM)
31-08-20,7,V ugm-3 (BAM),5,V ugm-3 (Ref.eq),6,V ugm-3 (TEOM FDMS),6,V ugm-3 (Ref.eq),5,V ugm-3 (Ref.eq),9,V ugm-3 (BAM)
01-09-20,No data,V ugm-3 (BAM),10,V ugm-3 (Ref.eq),12,V ugm-3 (TEOM FDMS),9,V ugm-3 (Ref.eq),8,V ugm-3 (Ref.eq),14,V ugm-3 (BAM)
02-09-20,7,V ugm-3 (BAM),9,V ugm-3 (Ref.eq),10,V ugm-3 (TEOM FDMS),6,V ugm-3 (Ref.eq),5,V ugm-3 (Ref.eq),10,V ugm-3 (BAM)
03-09-20,4,V ugm-3 (BAM),4,V ugm-3 (Ref.eq),7,V ugm-3 (TEOM FDMS),5,V ugm-3 (Ref.eq),4,V ugm-3 (Ref.eq),8,V ugm-3 (BAM)
04-09-20,6,V ugm-3 (BAM),5,V ugm-3 (Ref.eq),8,V ugm-3 (TEOM FDMS),6,V ugm-3 (Ref.eq),5,V ugm-3 (Ref.eq),8,V ugm-3 (BAM)
05-09-20,7,V ugm-3 (BAM),5,V ugm-3 (Ref.eq),8,V ugm-3 (TEOM FDMS),6,V ugm-3 (Ref.eq),5,V ugm-3 (Ref.eq),9,V ugm-3 (BAM)
06-09-20,6,V ugm-3 (BAM),5,V ugm-3 (Ref.eq),8,V ugm-3 (TEOM FDMS),6,V ugm-3 (Ref.eq),5,V ugm-3 (Ref.eq),9,V ugm-3 (BAM)
07-09-20,6,V ugm-3 (BAM),5,V ugm-3 (Ref.eq),9,V ugm-3 (TEOM FDMS),5,V ugm-3 (Ref.eq),4,V ugm-3 (Ref.eq),9,V ugm-3 (BAM)
08-09-20,3,V ugm-3 (BAM),3,V ugm-3 (Ref.eq),6,V ugm-3 (TEOM FDMS),3,V ugm-3 (Ref.eq),3,V ugm-3 (Ref.eq),6,V ugm-3 (BAM)
09-09-20,5,V ugm-3 (BAM),5,V ugm-3 (Ref.eq),6,V ugm-3 (TEOM FDMS),5,V ugm-3 (Ref.eq),5,V ugm-3 (Ref.eq),8,V ugm-3 (BAM)
10-09-20,7,V ugm-3 (BAM),7,V ugm-3 (Ref.eq),7,V ugm-3 (TEOM FDMS),6,V ugm-3 (Ref.eq),6,V ugm-3 (Ref.eq),10,V ugm-3 (BAM)
11-09-20,8,V ugm-3 (BAM),7,V ugm-3 (Ref.eq),11,V ugm-3 (TEOM FDMS),7,V ugm-3 (Ref.eq),5,V ugm-3 (Ref.eq),11,V ugm-3 (BAM)
12-09-20,6,V ugm-3 (BAM),4,V ugm-3 (Ref.eq),8,V ugm-3 (TEOM FDMS),5,V ugm-3 (Ref.eq),5,V ugm-3 (Ref.eq),7,V ugm-3 (BAM)
13-09-20,4,V ugm-3 (BAM),5,V ugm-3 (Ref.eq),7,V ugm-3 (TEOM FDMS),5,V ugm-3 (Ref.eq),5,V ugm-3 (Ref.eq),8,V ugm-3 (BAM)
14-09-20,No data,V ugm-3 (BAM),10,V ugm-3 (Ref.eq),15,V ugm-3 (TEOM FDMS),11,V ugm-3 (Ref.eq),10,V ugm-3 (Ref.eq),16,V ugm-3 (BAM)
15-09-20,No data,V ugm-3 (BAM),25,V ugm-3 (Ref.eq),31,V ugm-3 (TEOM FDMS),24,V ugm-3 (Ref.eq),24,V ugm-3 (Ref.eq),32,V ugm-3 (BAM)
16-09-20,No data,V ugm-3 (BAM),14,V ugm-3 (Ref.eq),18,V ugm-3 (TEOM FDMS),14,V ugm-3 (Ref.eq),12,V ugm-3 (Ref.eq),19,V ugm-3 (BAM)
17-09-20,No data,V ugm-3 (BAM),7,V ugm-3 (Ref.eq),5,V ugm-3 (TEOM FDMS),6,V ugm-3 (Ref.eq),6,V ugm-3 (Ref.eq),8,V ugm-3 (BAM)
18-09-20,No data,V ugm-3 (BAM),5,V ugm-3 (Ref.eq),7,V ugm-3 (TEOM FDMS),5,V ugm-3 (Ref.eq),5,V ugm-3 (Ref.eq),10,V ugm-3 (BAM)
19-09-20,No data,V ugm-3 (BAM),6,V ugm-3 (Ref.eq),7,V ugm-3 (TEOM FDMS),6,V ugm-3 (Ref.eq),6,V ugm-3 (Ref.eq),11,V ugm-3 (BAM)
20-09-20,No data,V ugm-3 (BAM),7,V ugm-3 (Ref.eq),9,V ugm-3 (TEOM FDMS),7,V ugm-3 (Ref.eq),7,V ugm-3 (Ref.eq),12,V ugm-3 (BAM)
21-09-20,No data,V ugm-3 (BAM),13,V ugm-3 (Ref.eq),16,V ugm-3 (TEOM FDMS),11,V ugm-3 (Ref.eq),12,V ugm-3 (Ref.eq),19,V ugm-3 (BAM)
22-09-20,No data,V ugm-3 (BAM),14,V ugm-3 (Ref.eq),18,V ugm-3 (TEOM FDMS),12,V ugm-3 (Ref.eq),12,V ugm-3 (Ref.eq),17,V ugm-3 (BAM)
23-09-20,No data,V ugm-3 (BAM),5,V ugm-3 (Ref.eq),8,V ugm-3 (TEOM FDMS),5,V ugm-3 (Ref.eq),5,V ugm-3 (Ref.eq),9,V ugm-3 (BAM)
24-09-20,No data,V ugm-3 (BAM),3,V ugm-3 (Ref.eq),5,V ugm-3 (TEOM FDMS),3,V ugm-3 (Ref.eq),3,V ugm-3 (Ref.eq),4,V ugm-3 (BAM)
25-09-20,No data,V ugm-3 (BAM),4,V ugm-3 (Ref.eq),5,V ugm-3 (TEOM FDMS),4,V ugm-3 (Ref.eq),4,V ugm-3 (Ref.eq),6,V ugm-3 (BAM)
26-09-20,No data,V ugm-3 (BAM),3,V ugm-3 (Ref.eq),4,V ugm-3 (TEOM FDMS),4,V ugm-3 (Ref.eq),4,V ugm-3 (Ref.eq),6,V ugm-3 (BAM)
27-09-20,No data,V ugm-3 (BAM),5,V ugm-3 (Ref.eq),5,V ugm-3 (TEOM FDMS),5,V ugm-3 (Ref.eq),5,V ugm-3 (Ref.eq),6,V ugm-3 (BAM)
28-09-20,No data,V ugm-3 (BAM),7,V ugm-3 (Ref.eq),9,V ugm-3 (TEOM FDMS),7,V ugm-3 (Ref.eq),7,V ugm-3 (Ref.eq),10,V ugm-3 (BAM)
29-09-20,No data,V ugm-3 (BAM),9,V ugm-3 (Ref.eq),11,V ugm-3 (TEOM FDMS),8,V ugm-3 (Ref.eq),8,V ugm-3 (Ref.eq),10,V ugm-3 (BAM)
30-09-20,No data,V ugm-3 (BAM),6,V ugm-3 (Ref.eq),8,V ugm-3 (TEOM FDMS),6,V ugm-3 (Ref.eq),5,V ugm-3 (Ref.eq),7,V ugm-3 (BAM)
01-10-20,3,V ugm-3 (BAM),4,V ugm-3 (Ref.eq),6,V ugm-3 (TEOM FDMS),4,V ugm-3 (Ref.eq),3,V ugm-3 (Ref.eq),6,V ugm-3 (BAM)
02-10-20,5,V ugm-3 (BAM),4,V ugm-3 (Ref.eq),6,V ugm-3 (TEOM FDMS),4,V ugm-3 (Ref.eq),4,V ugm-3 (Ref.eq),6,V ugm-3 (BAM)
03-10-20,6,V ugm-3 (BAM),3,V ugm-3 (Ref.eq),8,V ugm-3 (TEOM FDMS),5,V ugm-3 (Ref.eq),4,V ugm-3 (Ref.eq),7,V ugm-3 (BAM)
04-10-20,3,V ugm-3 (BAM),2,V ugm-3 (Ref.eq),4,V ugm-3 (TEOM FDMS),2,V ugm-3 (Ref.eq),2,V ugm-3 (Ref.eq),4,V ugm-3 (BAM)
05-10-20,5,V ugm-3 (BAM),4,V ugm-3 (Ref.eq),No data,V ugm-3 (TEOM FDMS),5,V ugm-3 (Ref.eq),4,V ugm-3 (Ref.eq),7,V ugm-3 (BAM)
06-10-20,3,V ugm-3 (BAM),3,V ugm-3 (Ref.eq),No data,V ugm-3 (TEOM FDMS),3,V ugm-3 (Ref.eq),3,V ugm-3 (Ref.eq),6,V ugm-3 (BAM)
07-10-20,4,V ugm-3 (BAM),4,V ugm-3 (Ref.eq),No data,V ugm-3 (TEOM FDMS),4,V ugm-3 (Ref.eq),4,V ugm-3 (Ref.eq),6,V ugm-3 (BAM)
08-10-20,4,V ugm-3 (BAM),3,V ugm-3 (Ref.eq),6,V ugm-3 (TEOM FDMS),4,V ugm-3 (Ref.eq),4,V ugm-3 (Ref.eq),5,V ugm-3 (BAM)
09-10-20,7,V ugm-3 (BAM),4,V ugm-3 (Ref.eq),10,V ugm-3 (TEOM FDMS),5,V ugm-3 (Ref.eq),4,V ugm-3 (Ref.eq),8,V ugm-3 (BAM)
10-10-20,4,V ugm-3 (BAM),3,V ugm-3 (Ref.eq),6,V ugm-3 (TEOM FDMS),3,V ugm-3 (Ref.eq),3,V ugm-3 (Ref.eq),6,V ugm-3 (BAM)
11-10-20,5,V ugm-3 (BAM),4,V ugm-3 (Ref.eq),5,V ugm-3 (TEOM FDMS),4,V ugm-3 (Ref.eq),4,V ugm-3 (Ref.eq),7,V ugm-3 (BAM)
12-10-20,6,V ugm-3 (BAM),5,V ugm-3 (Ref.eq),10,V ugm-3 (TEOM FDMS),6,V ugm-3 (Ref.eq),5,V ugm-3 (Ref.eq),9,V ugm-3 (BAM)
13-10-20,5,V ugm-3 (BAM),4,V ugm-3 (Ref.eq),6,V ugm-3 (TEOM FDMS),5,V ugm-3 (Ref.eq),5,V ugm-3 (Ref.eq),8,V ugm-3 (BAM)
14-10-20,6,V ugm-3 (BAM),5,V ugm-3 (Ref.eq),6,V ugm-3 (TEOM FDMS),6,V ugm-3 (Ref.eq),6,V ugm-3 (Ref.eq),8,V ugm-3 (BAM)
15-10-20,5,V ugm-3 (BAM),3,V ugm-3 (Ref.eq),4,V ugm-3 (TEOM FDMS),4,V ugm-3 (Ref.eq),4,V ugm-3 (Ref.eq),6,V ugm-3 (BAM)
16-10-20,7,V ugm-3 (BAM),4,V ugm-3 (Ref.eq),No data,V ugm-3 (TEOM FDMS),5,V ugm-3 (Ref.eq),5,V ugm-3 (Ref.eq),8,V ugm-3 (BAM)
17-10-20,6,V ugm-3 (BAM),6,V ugm-3 (Ref.eq),No data,V ugm-3 (TEOM FDMS),6,V ugm-3 (Ref.eq),7,V ugm-3 (Ref.eq),9,V ugm-3 (BAM)
18-10-20,11,V ugm-3 (BAM),10,V ugm-3 (Ref.eq),No data,V ugm-3 (TEOM FDMS),12,V ugm-3 (Ref.eq),11,V ugm-3 (Ref.eq),16,V ugm-3 (BAM)
19-10-20,10,V ugm-3 (BAM),9,V ugm-3 (Ref.eq),No data,V ugm-3 (TEOM FDMS),10,V ugm-3 (Ref.eq),9,V ugm-3 (Ref.eq),13,V ugm-3 (BAM)
20-10-20,9,V ugm-3 (BAM),9,V ugm-3 (Ref.eq),No data,V ugm-3 (TEOM FDMS),9,V ugm-3 (Ref.eq),10,V ugm-3 (Ref.eq),12,V ugm-3 (BAM)
21-10-20,4,V ugm-3 (BAM),4,V ugm-3 (Ref.eq),No data,V ugm-3 (TEOM FDMS),5,V ugm-3 (Ref.eq),4,V ugm-3 (Ref.eq),7,V ugm-3 (BAM)
22-10-20,4,V ugm-3 (BAM),4,V ugm-3 (Ref.eq),No data,V ugm-3 (TEOM FDMS),5,V ugm-3 (Ref.eq),4,V ugm-3 (Ref.eq),8,V ugm-3 (BAM)
23-10-20,5,V ugm-3 (BAM),4,V ugm-3 (Ref.eq),No data,V ugm-3 (TEOM FDMS),5,V ugm-3 (Ref.eq),4,V ugm-3 (Ref.eq),8,V ugm-3 (BAM)
24-10-20,3,V ugm-3 (BAM),3,V ugm-3 (Ref.eq),No data,V ugm-3 (TEOM FDMS),4,V ugm-3 (Ref.eq),4,V ugm-3 (Ref.eq),6,V ugm-3 (BAM)
25-10-20,4,V ugm-3 (BAM),3,V ugm-3 (Ref.eq),No data,V ugm-3 (TEOM FDMS),3,V ugm-3 (Ref.eq),3,V ugm-3 (Ref.eq),5,V ugm-3 (BAM)
26-10-20,6,V ugm-3 (BAM),5,V ugm-3 (Ref.eq),No data,V ugm-3 (TEOM FDMS),5,V ugm-3 (Ref.eq),5,V ugm-3 (Ref.eq),7,V ugm-3 (BAM)
27-10-20,5,V ugm-3 (BAM),5,V ugm-3 (Ref.eq),No data,V ugm-3 (TEOM FDMS),5,V ugm-3 (Ref.eq),4,V ugm-3 (Ref.eq),7,V ugm-3 (BAM)
28-10-20,6,V ugm-3 (BAM),5,V ugm-3 (Ref.eq),No data,V ugm-3 (TEOM FDMS),5,V ugm-3 (Ref.eq),5,V ugm-3 (Ref.eq),7,V ugm-3 (BAM)
29-10-20,5,V ugm-3 (BAM),5,V ugm-3 (Ref.eq),No data,V ugm-3 (TEOM FDMS),5,V ugm-3 (Ref.eq),5,V ugm-3 (Ref.eq),8,V ugm-3 (BAM)
30-10-20,3,V ugm-3 (BAM),3,V ugm-3 (Ref.eq),No data,V ugm-3 (TEOM FDMS),3,V ugm-3 (Ref.eq),3,V ugm-3 (Ref.eq),7,V ugm-3 (BAM)
31-10-20,6,V ugm-3 (BAM),6,V ugm-3 (Ref.eq),No data,V ugm-3 (TEOM FDMS),6,V ugm-3 (Ref.eq),7,V ugm-3 (Ref.eq),10,V ugm-3 (BAM)
01-11-20,5,V ugm-3 (BAM),5,V ugm-3 (Ref.eq),No data,V ugm-3 (TEOM FDMS),6,V ugm-3 (Ref.eq),6,V ugm-3 (Ref.eq),7,V ugm-3 (BAM)
02-11-20,5,V ugm-3 (BAM),4,V ugm-3 (Ref.eq),No data,V ugm-3 (TEOM FDMS),4,V ugm-3 (Ref.eq),5,V ugm-3 (Ref.eq),8,V ugm-3 (BAM)
03-11-20,6,V ugm-3 (BAM),4,V ugm-3 (Ref.eq),No data,V ugm-3 (TEOM FDMS),5,V ugm-3 (Ref.eq),5,V ugm-3 (Ref.eq),10,V ugm-3 (BAM)
04-11-20,12,V ugm-3 (BAM),10,V ugm-3 (Ref.eq),No data,V ugm-3 (TEOM FDMS),13,V ugm-3 (Ref.eq),11,V ugm-3 (Ref.eq),18,V ugm-3 (BAM)
05-11-20,41,V ugm-3 (BAM),32,V ugm-3 (Ref.eq),No data,V ugm-3 (TEOM FDMS),38,V ugm-3 (Ref.eq),33,V ugm-3 (Ref.eq),46,V ugm-3 (BAM)
06-11-20,42,V ugm-3 (BAM),35,V ugm-3 (Ref.eq),No data,V ugm-3 (TEOM FDMS),38,V ugm-3 (Ref.eq),48,V ugm-3 (Ref.eq),43,V ugm-3 (BAM)
07-11-20,30,V ugm-3 (BAM),26,V ugm-3 (Ref.eq),No data,V ugm-3 (TEOM FDMS),27,V ugm-3 (Ref.eq),29,V ugm-3 (Ref.eq),33,V ugm-3 (BAM)
08-11-20,30,V ugm-3 (BAM),34,V ugm-3 (Ref.eq),No data,V ugm-3 (TEOM FDMS),30,V ugm-3 (Ref.eq),35,V ugm-3 (Ref.eq),36,V ugm-3 (BAM)
09-11-20,9,V ugm-3 (BAM),11,V ugm-3 (Ref.eq),No data,V ugm-3 (TEOM FDMS),10,V ugm-3 (Ref.eq),11,V ugm-3 (Ref.eq),14,V ugm-3 (BAM)
10-11-20,7,V ugm-3 (BAM),8,V ugm-3 (Ref.eq),No data,V ugm-3 (TEOM FDMS),8,V ugm-3 (Ref.eq),6,V ugm-3 (Ref.eq),11,V ugm-3 (BAM)
11-11-20,6,V ugm-3 (BAM),5,V ugm-3 (Ref.eq),No data,V ugm-3 (TEOM FDMS),6,V ugm-3 (Ref.eq),5,V ugm-3 (Ref.eq),8,V ugm-3 (BAM)
12-11-20,6,V ugm-3 (BAM),5,V ugm-3 (Ref.eq),No data,V ugm-3 (TEOM FDMS),5,V ugm-3 (Ref.eq),5,V ugm-3 (Ref.eq),8,V ugm-3 (BAM)
13-11-20,5,V ugm-3 (BAM),6,V ugm-3 (Ref.eq),No data,V ugm-3 (TEOM FDMS),6,V ugm-3 (Ref.eq),6,V ugm-3 (Ref.eq),10,V ugm-3 (BAM)
14-11-20,7,V ugm-3 (BAM),7,V ugm-3 (Ref.eq),No data,V ugm-3 (TEOM FDMS),7,V ugm-3 (Ref.eq),7,V ugm-3 (Ref.eq),11,V ugm-3 (BAM)
15-11-20,3,V ugm-3 (BAM),3,V ugm-3 (Ref.eq),No data,V ugm-3 (TEOM FDMS),4,V ugm-3 (Ref.eq),4,V ugm-3 (Ref.eq),7,V ugm-3 (BAM)
16-11-20,6,V ugm-3 (BAM),4,V ugm-3 (Ref.eq),No data,V ugm-3 (TEOM FDMS),5,V ugm-3 (Ref.eq),5,V ugm-3 (Ref.eq),7,V ugm-3 (BAM)
17-11-20,5,V ugm-3 (BAM),4,V ugm-3 (Ref.eq),No data,V ugm-3 (TEOM FDMS),5,V ugm-3 (Ref.eq),5,V ugm-3 (Ref.eq),7,V ugm-3 (BAM)
18-11-20,7,V ugm-3 (BAM),6,V ugm-3 (Ref.eq),No data,V ugm-3 (TEOM FDMS),6,V ugm-3 (Ref.eq),7,V ugm-3 (Ref.eq),9,V ugm-3 (BAM)
19-11-20,6,V ugm-3 (BAM),5,V ugm-3 (Ref.eq),No data,V ugm-3 (TEOM FDMS),5,V ugm-3 (Ref.eq),5,V ugm-3 (Ref.eq),8,V ugm-3 (BAM)
20-11-20,7,V ugm-3 (BAM),6,V ugm-3 (Ref.eq),No data,V ugm-3 (TEOM FDMS),7,V ugm-3 (Ref.eq),6,V ugm-3 (Ref.eq),10,V ugm-3 (BAM)
21-11-20,5,V ugm-3 (BAM),3,V ugm-3 (Ref.eq),No data,V ugm-3 (TEOM FDMS),4,V ugm-3 (Ref.eq),4,V ugm-3 (Ref.eq),6,V ugm-3 (BAM)
22-11-20,6,V ugm-3 (BAM),6,V ugm-3 (Ref.eq),No data,V ugm-3 (TEOM FDMS),6,V ugm-3 (Ref.eq),7,V ugm-3 (Ref.eq),7,V ugm-3 (BAM)
23-11-20,11,V ugm-3 (BAM),12,V ugm-3 (Ref.eq),No data,V ugm-3 (TEOM FDMS),11,V ugm-3 (Ref.eq),9,V ugm-3 (Ref.eq),14,V ugm-3 (BAM)
24-11-20,5,V ugm-3 (BAM),6,V ugm-3 (Ref.eq),No data,V ugm-3 (TEOM FDMS),6,V ugm-3 (Ref.eq),6,V ugm-3 (Ref.eq),9,V ugm-3 (BAM)
25-11-20,10,V ugm-3 (BAM),10,V ugm-3 (Ref.eq),No data,V ugm-3 (TEOM FDMS),11,V ugm-3 (Ref.eq),11,V ugm-3 (Ref.eq),14,V ugm-3 (BAM)
26-11-20,15,V ugm-3 (BAM),12,V ugm-3 (Ref.eq),No data,V ugm-3 (TEOM FDMS),12,V ugm-3 (Ref.eq),14,V ugm-3 (Ref.eq),16,V ugm-3 (BAM)
27-11-20,23,V ugm-3 (BAM),17,V ugm-3 (Ref.eq),No data,V ugm-3 (TEOM FDMS),22,V ugm-3 (Ref.eq),23,V ugm-3 (Ref.eq),26,V ugm-3 (BAM)
28-11-20,36,V ugm-3 (BAM),33,V ugm-3 (Ref.eq),No data,V ugm-3 (TEOM FDMS),35,V ugm-3 (Ref.eq),35,V ugm-3 (Ref.eq),40,V ugm-3 (BAM)
29-11-20,27,V ugm-3 (BAM),28,V ugm-3 (Ref.eq),No data,V ugm-3 (TEOM FDMS),26,V ugm-3 (Ref.eq),27,V ugm-3 (Ref.eq),30,V ugm-3 (BAM)
30-11-20,13,V ugm-3 (BAM),10,V ugm-3 (Ref.eq),No data,V ugm-3 (TEOM FDMS),11,V ugm-3 (Ref.eq),12,V ugm-3 (Ref.eq),16,V ugm-3 (BAM)
01-12-20,7,V ugm-3 (BAM),6,V ugm-3 (Ref.eq),No data,V ugm-3 (TEOM FDMS),6,V ugm-3 (Ref.eq),7,V ugm-3 (Ref.eq),7,V ugm-3 (BAM)
02-12-20,14,V ugm-3 (BAM),12,V ugm-3 (Ref.eq),No data,V ugm-3 (TEOM FDMS),13,V ugm-3 (Ref.eq),13,V ugm-3 (Ref.eq),16,V ugm-3 (BAM)
03-12-20,6,V ugm-3 (BAM),5,V ugm-3 (Ref.eq),No data,V ugm-3 (TEOM FDMS),5,V ugm-3 (Ref.eq),6,V ugm-3 (Ref.eq),9,V ugm-3 (BAM)
04-12-20,9,V ugm-3 (BAM),6,V ugm-3 (Ref.eq),No data,V ugm-3 (TEOM FDMS),6,V ugm-3 (Ref.eq),8,V ugm-3 (Ref.eq),10,V ugm-3 (BAM)
05-12-20,8,V ugm-3 (BAM),5,V ugm-3 (Ref.eq),No data,V ugm-3 (TEOM FDMS),6,V ugm-3 (Ref.eq),6,V ugm-3 (Ref.eq),9,V ugm-3 (BAM)
06-12-20,14,V ugm-3 (BAM),12,V ugm-3 (Ref.eq),No data,V ugm-3 (TEOM FDMS),12,V ugm-3 (Ref.eq),15,V ugm-3 (Ref.eq),17,V ugm-3 (BAM)
07-12-20,17,V ugm-3 (BAM),12,V ugm-3 (Ref.eq),No data,V ugm-3 (TEOM FDMS),14,V ugm-3 (Ref.eq),16,V ugm-3 (Ref.eq),22,V ugm-3 (BAM)
08-12-20,20,V ugm-3 (BAM),16,V ugm-3 (Ref.eq),No data,V ugm-3 (TEOM FDMS),16,V ugm-3 (Ref.eq),16,V ugm-3 (Ref.eq),23,V ugm-3 (BAM)
09-12-20,10,V ugm-3 (BAM),8,V ugm-3 (Ref.eq),No data,V ugm-3 (TEOM FDMS),9,V ugm-3 (Ref.eq),8,V ugm-3 (Ref.eq),12,V ugm-3 (BAM)
10-12-20,10,V ugm-3 (BAM),8,V ugm-3 (Ref.eq),No data,V ugm-3 (TEOM FDMS),9,V ugm-3 (Ref.eq),8,V ugm-3 (Ref.eq),11,V ugm-3 (BAM)
11-12-20,7,V ugm-3 (BAM),6,V ugm-3 (Ref.eq),No data,V ugm-3 (TEOM FDMS),8,V ugm-3 (Ref.eq),6,V ugm-3 (Ref.eq),12,V ugm-3 (BAM)
12-12-20,9,V ugm-3 (BAM),6,V ugm-3 (Ref.eq),No data,V ugm-3 (TEOM FDMS),9,V ugm-3 (Ref.eq),7,V ugm-3 (Ref.eq),13,V ugm-3 (BAM)
13-12-20,5,V ugm-3 (BAM),4,V ugm-3 (Ref.eq),No data,V ugm-3 (TEOM FDMS),4,V ugm-3 (Ref.eq),4,V ugm-3 (Ref.eq),7,V ugm-3 (BAM)
14-12-20,6,V ugm-3 (BAM),6,V ugm-3 (Ref.eq),No data,V ugm-3 (TEOM FDMS),6,V ugm-3 (Ref.eq),6,V ugm-3 (Ref.eq),9,V ugm-3 (BAM)
15-12-20,6,V ugm-3 (BAM),5,V ugm-3 (Ref.eq),No data,V ugm-3 (TEOM FDMS),6,V ugm-3 (Ref.eq),5,V ugm-3 (Ref.eq),9,V ugm-3 (BAM)
16-12-20,6,V ugm-3 (BAM),4,V ugm-3 (Ref.eq),No data,V ugm-3 (TEOM FDMS),5,V ugm-3 (Ref.eq),5,V ugm-3 (Ref.eq),8,V ugm-3 (BAM)
17-12-20,5,V ugm-3 (BAM),7,V ugm-3 (Ref.eq),No data,V ugm-3 (TEOM FDMS),5,V ugm-3 (Ref.eq),5,V ugm-3 (Ref.eq),8,V ugm-3 (BAM)
18-12-20,4,V ugm-3 (BAM),4,V ugm-3 (Ref.eq),No data,V ugm-3 (TEOM FDMS),4,V ugm-3 (Ref.eq),5,V ugm-3 (Ref.eq),8,V ugm-3 (BAM)
19-12-20,7,V ugm-3 (BAM),5,V ugm-3 (Ref.eq),No data,V ugm-3 (TEOM FDMS),6,V ugm-3 (Ref.eq),6,V ugm-3 (Ref.eq),9,V ugm-3 (BAM)
20-12-20,4,V ugm-3 (BAM),4,V ugm-3 (Ref.eq),No data,V ugm-3 (TEOM FDMS),5,V ugm-3 (Ref.eq),4,V ugm-3 (Ref.eq),7,V ugm-3 (BAM)
21-12-20,2,V ugm-3 (BAM),2,V ugm-3 (Ref.eq),No data,V ugm-3 (TEOM FDMS),2,V ugm-3 (Ref.eq),2,V ugm-3 (Ref.eq),5,V ugm-3 (BAM)
22-12-20,7,V ugm-3 (BAM),6,V ugm-3 (Ref.eq),No data,V ugm-3 (TEOM FDMS),6,V ugm-3 (Ref.eq),5,V ugm-3 (Ref.eq),11,V ugm-3 (BAM)
23-12-20,3,V ugm-3 (BAM),4,V ugm-3 (Ref.eq),No data,V ugm-3 (TEOM FDMS),3,V ugm-3 (Ref.eq),3,V ugm-3 (Ref.eq),7,V ugm-3 (BAM)
24-12-20,4,V ugm-3 (BAM),3,V ugm-3 (Ref.eq),4,V ugm-3 (TEOM FDMS),3,V ugm-3 (Ref.eq),4,V ugm-3 (Ref.eq),No data,V ugm-3 (BAM)
25-12-20,7,V ugm-3 (BAM),4,V ugm-3 (Ref.eq),8,V ugm-3 (TEOM FDMS),6,V ugm-3 (Ref.eq),7,V ugm-3 (Ref.eq),No data,V ugm-3 (BAM)
26-12-20,3,V ugm-3 (BAM),3,V ugm-3 (Ref.eq),6,V ugm-3 (TEOM FDMS),4,V ugm-3 (Ref.eq),3,V ugm-3 (Ref.eq),No data,V ugm-3 (BAM)
27-12-20,5,V ugm-3 (BAM),4,V ugm-3 (Ref.eq),No data,V ugm-3 (TEOM FDMS),5,V ugm-3 (Ref.eq),5,V ugm-3 (Ref.eq),No data,V ugm-3 (BAM)
28-12-20,11,V ugm-3 (BAM),9,V ugm-3 (Ref.eq),11,V ugm-3 (TEOM FDMS),10,V ugm-3 (Ref.eq),10,V ugm-3 (Ref.eq),No data,V ugm-3 (BAM)
29-12-20,14,V ugm-3 (BAM),11,V ugm-3 (Ref.eq),13,V ugm-3 (TEOM FDMS),12,V ugm-3 (Ref.eq),12,V ugm-3 (Ref.eq),No data,V ugm-3 (BAM)
30-12-20,11,V ugm-3 (BAM),10,V ugm-3 (Ref.eq),15,V ugm-3 (TEOM FDMS),12,V ugm-3 (Ref.eq),16,V ugm-3 (Ref.eq),13,V ugm-3 (BAM)
31-12-20,16,V ugm-3 (BAM),14,V ugm-3 (Ref.eq),16,V ugm-3 (TEOM FDMS),16,V ugm-3 (Ref.eq),21,V ugm-3 (Ref.eq),16,V ugm-3 (BAM)
01-01-21,20,V ugm-3 (BAM),18,V ugm-3 (Ref.eq),22,V ugm-3 (TEOM FDMS),21,V ugm-3 (Ref.eq),23,V ugm-3 (Ref.eq),22,V ugm-3 (BAM)
02-01-21,8,V ugm-3 (BAM),6,V ugm-3 (Ref.eq),7,V ugm-3 (TEOM FDMS),7,V ugm-3 (Ref.eq),8,V ugm-3 (Ref.eq),9,V ugm-3 (BAM)
03-01-21,8,V ugm-3 (BAM),6,V ugm-3 (Ref.eq),8,V ugm-3 (TEOM FDMS),7,V ugm-3 (Ref.eq),8,V ugm-3 (Ref.eq),10,V ugm-3 (BAM)
04-01-21,5,V ugm-3 (BAM),4,V ugm-3 (Ref.eq),No data,V ugm-3 (TEOM FDMS),4,V ugm-3 (Ref.eq),4,V ugm-3 (Ref.eq),5,V ugm-3 (BAM)
05-01-21,6,V ugm-3 (BAM),3,V ugm-3 (Ref.eq),5,V ugm-3 (TEOM FDMS),4,V ugm-3 (Ref.eq),4,V ugm-3 (Ref.eq),6,V ugm-3 (BAM)
06-01-21,6,V ugm-3 (BAM),5,V ugm-3 (Ref.eq),7,V ugm-3 (TEOM FDMS),6,V ugm-3 (Ref.eq),6,V ugm-3 (Ref.eq),7,V ugm-3 (BAM)
07-01-21,17,V ugm-3 (BAM),15,V ugm-3 (Ref.eq),23,V ugm-3 (TEOM FDMS),16,V ugm-3 (Ref.eq),17,V ugm-3 (Ref.eq),20,V ugm-3 (BAM)
08-01-21,23,V ugm-3 (BAM),21,V ugm-3 (Ref.eq),24,V ugm-3 (TEOM FDMS),22,V ugm-3 (Ref.eq),24,V ugm-3 (Ref.eq),24,V ugm-3 (BAM)
09-01-21,18,V ugm-3 (BAM),14,V ugm-3 (Ref.eq),19,V ugm-3 (TEOM FDMS),17,V ugm-3 (Ref.eq),18,V ugm-3 (Ref.eq),22,V ugm-3 (BAM)
10-01-21,17,V ugm-3 (BAM),15,V ugm-3 (Ref.eq),19,V ugm-3 (TEOM FDMS),17,V ugm-3 (Ref.eq),16,V ugm-3 (Ref.eq),19,V ugm-3 (BAM)
11-01-21,No data,V ugm-3 (BAM),5,V ugm-3 (Ref.eq),13,V ugm-3 (TEOM FDMS),6,V ugm-3 (Ref.eq),6,V ugm-3 (Ref.eq),8,V ugm-3 (BAM)
12-01-21,No data,V ugm-3 (BAM),6,V ugm-3 (Ref.eq),8,V ugm-3 (TEOM FDMS),5,V ugm-3 (Ref.eq),5,V ugm-3 (Ref.eq),8,V ugm-3 (BAM)
13-01-21,No data,V ugm-3 (BAM),10,V ugm-3 (Ref.eq),17,V ugm-3 (TEOM FDMS),12,V ugm-3 (Ref.eq),9,V ugm-3 (Ref.eq),15,V ugm-3 (BAM)
14-01-21,No data,V ugm-3 (BAM),3,V ugm-3 (Ref.eq),No data,V ugm-3 (TEOM FDMS),4,V ugm-3 (Ref.eq),4,V ugm-3 (Ref.eq),8,V ugm-3 (BAM)
15-01-21,14,V ugm-3 (BAM),15,V ugm-3 (Ref.eq),18,V ugm-3 (TEOM FDMS),16,V ugm-3 (Ref.eq),16,V ugm-3 (Ref.eq),19,V ugm-3 (BAM)
16-01-21,7,V ugm-3 (BAM),6,V ugm-3 (Ref.eq),11,V ugm-3 (TEOM FDMS),7,V ugm-3 (Ref.eq),7,V ugm-3 (Ref.eq),10,V ugm-3 (BAM)
17-01-21,7,V ugm-3 (BAM),6,V ugm-3 (Ref.eq),12,V ugm-3 (TEOM FDMS),8,V ugm-3 (Ref.eq),8,V ugm-3 (Ref.eq),10,V ugm-3 (BAM)
18-01-21,6,V ugm-3 (BAM),5,V ugm-3 (Ref.eq),14,V ugm-3 (TEOM FDMS),6,V ugm-3 (Ref.eq),5,V ugm-3 (Ref.eq),9,V ugm-3 (BAM)
19-01-21,3,V ugm-3 (BAM),2,V ugm-3 (Ref.eq),4,V ugm-3 (TEOM FDMS),3,V ugm-3 (Ref.eq),3,V ugm-3 (Ref.eq),No data,V ugm-3 (BAM)
20-01-21,5,V ugm-3 (BAM),4,V ugm-3 (Ref.eq),6,V ugm-3 (TEOM FDMS),5,V ugm-3 (Ref.eq),5,V ugm-3 (Ref.eq),No data,V ugm-3 (BAM)
21-01-21,No data,V ugm-3 (BAM),3,V ugm-3 (Ref.eq),5,V ugm-3 (TEOM FDMS),4,V ugm-3 (Ref.eq),4,V ugm-3 (Ref.eq),No data,V ugm-3 (BAM)
22-01-21,7,V ugm-3 (BAM),5,V ugm-3 (Ref.eq),9,V ugm-3 (TEOM FDMS),6,V ugm-3 (Ref.eq),5,V ugm-3 (Ref.eq),No data,V ugm-3 (BAM)
23-01-21,9,V ugm-3 (BAM),7,V ugm-3 (Ref.eq),10,V ugm-3 (TEOM FDMS),9,V ugm-3 (Ref.eq),9,V ugm-3 (Ref.eq),12,V ugm-3 (BAM)
24-01-21,10,V ugm-3 (BAM),7,V ugm-3 (Ref.eq),10,V ugm-3 (TEOM FDMS),9,V ugm-3 (Ref.eq),10,V ugm-3 (Ref.eq),13,V ugm-3 (BAM)
25-01-21,10,V ugm-3 (BAM),8,V ugm-3 (Ref.eq),11,V ugm-3 (TEOM FDMS),9,V ugm-3 (Ref.eq),9,V ugm-3 (Ref.eq),13,V ugm-3 (BAM)
26-01-21,9,V ugm-3 (BAM),7,V ugm-3 (Ref.eq),No data,V ugm-3 (TEOM FDMS),7,V ugm-3 (Ref.eq),6,V ugm-3 (Ref.eq),10,V ugm-3 (BAM)
27-01-21,8,V ugm-3 (BAM),8,V ugm-3 (Ref.eq),No data,V ugm-3 (TEOM FDMS),9,V ugm-3 (Ref.eq),8,V ugm-3 (Ref.eq),11,V ugm-3 (BAM)
28-01-21,5,V ugm-3 (BAM),4,V ugm-3 (Ref.eq),6,V ugm-3 (TEOM FDMS),4,V ugm-3 (Ref.eq),4,V ugm-3 (Ref.eq),7,V ugm-3 (BAM)
29-01-21,6,V ugm-3 (BAM),5,V ugm-3 (Ref.eq),7,V ugm-3 (TEOM FDMS),6,V ugm-3 (Ref.eq),6,V ugm-3 (Ref.eq),8,V ugm-3 (BAM)
30-01-21,7,V ugm-3 (BAM),6,V ugm-3 (Ref.eq),7,V ugm-3 (TEOM FDMS),6,V ugm-3 (Ref.eq),6,V ugm-3 (Ref.eq),8,V ugm-3 (BAM)
31-01-21,10,V ugm-3 (BAM),9,V ugm-3 (Ref.eq),10,V ugm-3 (TEOM FDMS),9,V ugm-3 (Ref.eq),10,V ugm-3 (Ref.eq),11,V ugm-3 (BAM)
01-02-21,16,V ugm-3 (BAM),14,V ugm-3 (Ref.eq),16,V ugm-3 (TEOM FDMS),15,V ugm-3 (Ref.eq),14,V ugm-3 (Ref.eq),No data,V ugm-3 (BAM)
02-02-21,11,V ugm-3 (BAM),No data,V ugm-3 (Ref.eq),11,V ugm-3 (TEOM FDMS),10,V ugm-3 (Ref.eq),10,V ugm-3 (Ref.eq),No data,V ugm-3 (BAM)
03-02-21,9,V ugm-3 (BAM),No data,V ugm-3 (Ref.eq),10,V ugm-3 (TEOM FDMS),8,V ugm-3 (Ref.eq),7,V ugm-3 (Ref.eq),9,V ugm-3 (BAM)
04-02-21,8,V ugm-3 (BAM),6,V ugm-3 (Ref.eq),8,V ugm-3 (TEOM FDMS),7,V ugm-3 (Ref.eq),5,V ugm-3 (Ref.eq),8,V ugm-3 (BAM)
05-02-21,7,V ugm-3 (BAM),4,V ugm-3 (Ref.eq),7,V ugm-3 (TEOM FDMS),5,V ugm-3 (Ref.eq),4,V ugm-3 (Ref.eq),7,V ugm-3 (BAM)
06-02-21,11,V ugm-3 (BAM),8,V ugm-3 (Ref.eq),10,V ugm-3 (TEOM FDMS),9,V ugm-3 (Ref.eq),9,V ugm-3 (Ref.eq),11,V ugm-3 (BAM)
07-02-21,8,V ugm-3 (BAM),8,V ugm-3 (Ref.eq),7,V ugm-3 (TEOM FDMS),8,V ugm-3 (Ref.eq),9,V ugm-3 (Ref.eq),9,V ugm-3 (BAM)
08-02-21,7,V ugm-3 (BAM),5,V ugm-3 (Ref.eq),6,V ugm-3 (TEOM FDMS),6,V ugm-3 (Ref.eq),7,V ugm-3 (Ref.eq),8,V ugm-3 (BAM)
09-02-21,7,V ugm-3 (BAM),5,V ugm-3 (Ref.eq),7,V ugm-3 (TEOM FDMS),6,V ugm-3 (Ref.eq),6,V ugm-3 (Ref.eq),No data,V ugm-3 (BAM)
10-02-21,7,V ugm-3 (BAM),5,V ugm-3 (Ref.eq),6,V ugm-3 (TEOM FDMS),5,V ugm-3 (Ref.eq),6,V ugm-3 (Ref.eq),No data,V ugm-3 (BAM)
11-02-21,15,V ugm-3 (BAM),11,V ugm-3 (Ref.eq),15,V ugm-3 (TEOM FDMS),12,V ugm-3 (Ref.eq),13,V ugm-3 (Ref.eq),No data,V ugm-3 (BAM)
12-02-21,14,V ugm-3 (BAM),11,V ugm-3 (Ref.eq),16,V ugm-3 (TEOM FDMS),13,V ugm-3 (Ref.eq),14,V ugm-3 (Ref.eq),17,V ugm-3 (BAM)
13-02-21,13,V ugm-3 (BAM),10,V ugm-3 (Ref.eq),12,V ugm-3 (TEOM FDMS),11,V ugm-3 (Ref.eq),12,V ugm-3 (Ref.eq),13,V ugm-3 (BAM)
14-02-21,13,V ugm-3 (BAM),11,V ugm-3 (Ref.eq),12,V ugm-3 (TEOM FDMS),11,V ugm-3 (Ref.eq),12,V ugm-3 (Ref.eq),13,V ugm-3 (BAM)
15-02-21,9,V ugm-3 (BAM),6,V ugm-3 (Ref.eq),10,V ugm-3 (TEOM FDMS),8,V ugm-3 (Ref.eq),8,V ugm-3 (Ref.eq),9,V ugm-3 (BAM)
16-02-21,8,V ugm-3 (BAM),7,V ugm-3 (Ref.eq),9,V ugm-3 (TEOM FDMS),7,V ugm-3 (Ref.eq),7,V ugm-3 (Ref.eq),7,V ugm-3 (BAM)
17-02-21,7,V ugm-3 (BAM),6,V ugm-3 (Ref.eq),6,V ugm-3 (TEOM FDMS),7,V ugm-3 (Ref.eq),7,V ugm-3 (Ref.eq),7,V ugm-3 (BAM)
18-02-21,6,V ugm-3 (BAM),4,V ugm-3 (Ref.eq),7,V ugm-3 (TEOM FDMS),5,V ugm-3 (Ref.eq),5,V ugm-3 (Ref.eq),5,V ugm-3 (BAM)
19-02-21,7,V ugm-3 (BAM),5,V ugm-3 (Ref.eq),7,V ugm-3 (TEOM FDMS),6,V ugm-3 (Ref.eq),6,V ugm-3 (Ref.eq),8,V ugm-3 (BAM)
20-02-21,15,V ugm-3 (BAM),13,V ugm-3 (Ref.eq),14,V ugm-3 (TEOM FDMS),13,V ugm-3 (Ref.eq),15,V ugm-3 (Ref.eq),15,V ugm-3 (BAM)
21-02-21,13,V ugm-3 (BAM),11,V ugm-3 (Ref.eq),13,V ugm-3 (TEOM FDMS),12,V ugm-3 (Ref.eq),13,V ugm-3 (Ref.eq),14,V ugm-3 (BAM)
22-02-21,19,V ugm-3 (BAM),15,V ugm-3 (Ref.eq),22,V ugm-3 (TEOM FDMS),18,V ugm-3 (Ref.eq),18,V ugm-3 (Ref.eq),20,V ugm-3 (BAM)
23-02-21,9,V ugm-3 (BAM),6,V ugm-3 (Ref.eq),9,V ugm-3 (TEOM FDMS),7,V ugm-3 (Ref.eq),7,V ugm-3 (Ref.eq),10,V ugm-3 (BAM)
24-02-21,8,V ugm-3 (BAM),6,V ugm-3 (Ref.eq),9,V ugm-3 (TEOM FDMS),7,V ugm-3 (Ref.eq),8,V ugm-3 (Ref.eq),11,V ugm-3 (BAM)
25-02-21,8,V ugm-3 (BAM),7,V ugm-3 (Ref.eq),8,V ugm-3 (TEOM FDMS),8,V ugm-3 (Ref.eq),7,V ugm-3 (Ref.eq),10,V ugm-3 (BAM)
26-02-21,12,V ugm-3 (BAM),10,V ugm-3 (Ref.eq),13,V ugm-3 (TEOM FDMS),13,V ugm-3 (Ref.eq),12,V ugm-3 (Ref.eq),13,V ugm-3 (BAM)
27-02-21,17,V ugm-3 (BAM),17,V ugm-3 (Ref.eq),19,V ugm-3 (TEOM FDMS),21,V ugm-3 (Ref.eq),20,V ugm-3 (Ref.eq),23,V ugm-3 (BAM)
28-02-21,18,V ugm-3 (BAM),18,V ugm-3 (Ref.eq),18,V ugm-3 (TEOM FDMS),18,V ugm-3 (Ref.eq),19,V ugm-3 (Ref.eq),18,V ugm-3 (BAM)
01-03-21,28,V ugm-3 (BAM),25,V ugm-3 (Ref.eq),28,V ugm-3 (TEOM FDMS),27,V ugm-3 (Ref.eq),31,V ugm-3 (Ref.eq),30,V ugm-3 (BAM)
02-03-21,39,V ugm-3 (BAM),36,V ugm-3 (Ref.eq),40,V ugm-3 (TEOM FDMS),38,V ugm-3 (Ref.eq),39,V ugm-3 (Ref.eq),41,V ugm-3 (BAM)
03-03-21,45,V ugm-3 (BAM),41,V ugm-3 (Ref.eq),45,V ugm-3 (TEOM FDMS),43,V ugm-3 (Ref.eq),42,V ugm-3 (Ref.eq),47,V ugm-3 (BAM)
04-03-21,15,V ugm-3 (BAM),11,V ugm-3 (Ref.eq),13,V ugm-3 (TEOM FDMS),13,V ugm-3 (Ref.eq),13,V ugm-3 (Ref.eq),15,V ugm-3 (BAM)
05-03-21,6,V ugm-3 (BAM),5,V ugm-3 (Ref.eq),5,V ugm-3 (TEOM FDMS),5,V ugm-3 (Ref.eq),5,V ugm-3 (Ref.eq),5,V ugm-3 (BAM)
06-03-21,7,V ugm-3 (BAM),5,V ugm-3 (Ref.eq),7,V ugm-3 (TEOM FDMS),6,V ugm-3 (Ref.eq),6,V ugm-3 (Ref.eq),7,V ugm-3 (BAM)
07-03-21,16,V ugm-3 (BAM),17,V ugm-3 (Ref.eq),15,V ugm-3 (TEOM FDMS),19,V ugm-3 (Ref.eq),23,V ugm-3 (Ref.eq),15,V ugm-3 (BAM)
08-03-21,28,V ugm-3 (BAM),24,V ugm-3 (Ref.eq),31,V ugm-3 (TEOM FDMS),31,V ugm-3 (Ref.eq),31,V ugm-3 (Ref.eq),31,V ugm-3 (BAM)
09-03-21,15,V ugm-3 (BAM),15,V ugm-3 (Ref.eq),17,V ugm-3 (TEOM FDMS),16,V ugm-3 (Ref.eq),16,V ugm-3 (Ref.eq),17,V ugm-3 (BAM)
10-03-21,11,V ugm-3 (BAM),10,V ugm-3 (Ref.eq),13,V ugm-3 (TEOM FDMS),12,V ugm-3 (Ref.eq),12,V ugm-3 (Ref.eq),12,V ugm-3 (BAM)
11-03-21,7,V ugm-3 (BAM),5,V ugm-3 (Ref.eq),7,V ugm-3 (TEOM FDMS),7,V ugm-3 (Ref.eq),6,V ugm-3 (Ref.eq),8,V ugm-3 (BAM)
12-03-21,5,V ugm-3 (BAM),4,V ugm-3 (Ref.eq),6,V ugm-3 (TEOM FDMS),5,V ugm-3 (Ref.eq),5,V ugm-3 (Ref.eq),6,V ugm-3 (BAM)
13-03-21,5,V ugm-3 (BAM),3,V ugm-3 (Ref.eq),4,V ugm-3 (TEOM FDMS),4,V ugm-3 (Ref.eq),4,V ugm-3 (Ref.eq),5,V ugm-3 (BAM)
14-03-21,6,V ugm-3 (BAM),4,V ugm-3 (Ref.eq),4,V ugm-3 (TEOM FDMS),4,V ugm-3 (Ref.eq),4,V ugm-3 (Ref.eq),6,V ugm-3 (BAM)
15-03-21,9,V ugm-3 (BAM),7,V ugm-3 (Ref.eq),7,V ugm-3 (TEOM FDMS),8,V ugm-3 (Ref.eq),8,V ugm-3 (Ref.eq),8,V ugm-3 (BAM)
16-03-21,9,V ugm-3 (BAM),7,V ugm-3 (Ref.eq),9,V ugm-3 (TEOM FDMS),8,V ugm-3 (Ref.eq),7,V ugm-3 (Ref.eq),9,V ugm-3 (BAM)
17-03-21,12,V ugm-3 (BAM),12,V ugm-3 (Ref.eq),9,V ugm-3 (TEOM FDMS),12,V ugm-3 (Ref.eq),11,V ugm-3 (Ref.eq),10,V ugm-3 (BAM)
18-03-21,12,V ugm-3 (BAM),10,V ugm-3 (Ref.eq),9,V ugm-3 (TEOM FDMS),11,V ugm-3 (Ref.eq),10,V ugm-3 (Ref.eq),10,V ugm-3 (BAM)
19-03-21,5,V ugm-3 (BAM),3,V ugm-3 (Ref.eq),4,V ugm-3 (TEOM FDMS),3,V ugm-3 (Ref.eq),3,V ugm-3 (Ref.eq),6,V ugm-3 (BAM)
20-03-21,9,V ugm-3 (BAM),8,V ugm-3 (Ref.eq),10,V ugm-3 (TEOM FDMS),9,V ugm-3 (Ref.eq),10,V ugm-3 (Ref.eq),11,V ugm-3 (BAM)
21-03-21,10,V ugm-3 (BAM),7,V ugm-3 (Ref.eq),8,V ugm-3 (TEOM FDMS),8,V ugm-3 (Ref.eq),8,V ugm-3 (Ref.eq),9,V ugm-3 (BAM)
22-03-21,15,V ugm-3 (BAM),15,V ugm-3 (Ref.eq),16,V ugm-3 (TEOM FDMS),15,V ugm-3 (Ref.eq),16,V ugm-3 (Ref.eq),16,V ugm-3 (BAM)
23-03-21,17,V ugm-3 (BAM),16,V ugm-3 (Ref.eq),19,V ugm-3 (TEOM FDMS),18,V ugm-3 (Ref.eq),16,V ugm-3 (Ref.eq),18,V ugm-3 (BAM)
24-03-21,17,V ugm-3 (BAM),16,V ugm-3 (Ref.eq),20,V ugm-3 (TEOM FDMS),19,V ugm-3 (Ref.eq),16,V ugm-3 (Ref.eq),19,V ugm-3 (BAM)
25-03-21,7,V ugm-3 (BAM),6,V ugm-3 (Ref.eq),8,V ugm-3 (TEOM FDMS),7,V ugm-3 (Ref.eq),6,V ugm-3 (Ref.eq),8,V ugm-3 (BAM)
26-03-21,6,V ugm-3 (BAM),4,V ugm-3 (Ref.eq),6,V ugm-3 (TEOM FDMS),5,V ugm-3 (Ref.eq),5,V ugm-3 (Ref.eq),7,V ugm-3 (BAM)
27-03-21,7,V ugm-3 (BAM),4,V ugm-3 (Ref.eq),6,V ugm-3 (TEOM FDMS),5,V ugm-3 (Ref.eq),5,V ugm-3 (Ref.eq),7,V ugm-3 (BAM)
28-03-21,9,V ugm-3 (BAM),7,V ugm-3 (Ref.eq),8,V ugm-3 (TEOM FDMS),8,V ugm-3 (Ref.eq),8,V ugm-3 (Ref.eq),7,V ugm-3 (BAM)
29-03-21,10,V ugm-3 (BAM),7,V ugm-3 (Ref.eq),10,V ugm-3 (TEOM FDMS),9,V ugm-3 (Ref.eq),No data,V ugm-3 (Ref.eq),10,V ugm-3 (BAM)
30-03-21,16,V ugm-3 (BAM),12,V ugm-3 (Ref.eq),18,V ugm-3 (TEOM FDMS),15,V ugm-3 (Ref.eq),No data,V ugm-3 (Ref.eq),17,V ugm-3 (BAM)
31-03-21,27,V ugm-3 (BAM),21,V ugm-3 (Ref.eq),28,V ugm-3 (TEOM FDMS),24,V ugm-3 (Ref.eq),No data,V ugm-3 (Ref.eq),27,V ugm-3 (BAM)
01-04-21,21,V ugm-3 (BAM),16,V ugm-3 (Ref.eq),19,V ugm-3 (TEOM FDMS),19,V ugm-3 (Ref.eq),20,V ugm-3 (Ref.eq),22,V ugm-3 (BAM)
02-04-21,7,V ugm-3 (BAM),5,V ugm-3 (Ref.eq),3,V ugm-3 (TEOM FDMS),5,V ugm-3 (Ref.eq),6,V ugm-3 (Ref.eq),7,V ugm-3 (BAM)
03-04-21,9,V ugm-3 (BAM),8,V ugm-3 (Ref.eq),8,V ugm-3 (TEOM FDMS),10,V ugm-3 (Ref.eq),10,V ugm-3 (Ref.eq),No data,V ugm-3 (BAM)
04-04-21,13,V ugm-3 (BAM),11,V ugm-3 (Ref.eq),12,V ugm-3 (TEOM FDMS),13,V ugm-3 (Ref.eq),13,V ugm-3 (Ref.eq),No data,V ugm-3 (BAM)
05-04-21,7,V ugm-3 (BAM),5,V ugm-3 (Ref.eq),6,V ugm-3 (TEOM FDMS),6,V ugm-3 (Ref.eq),6,V ugm-3 (Ref.eq),No data,V ugm-3 (BAM)
06-04-21,4,V ugm-3 (BAM),4,V ugm-3 (Ref.eq),No data,V ugm-3 (TEOM FDMS),4,V ugm-3 (Ref.eq),4,V ugm-3 (Ref.eq),No data,V ugm-3 (BAM)
07-04-21,7,V ugm-3 (BAM),5,V ugm-3 (Ref.eq),No data,V ugm-3 (TEOM FDMS),5,V ugm-3 (Ref.eq),5,V ugm-3 (Ref.eq),8,V ugm-3 (BAM)
08-04-21,7,V ugm-3 (BAM),4,V ugm-3 (Ref.eq),8,V ugm-3 (TEOM FDMS),6,V ugm-3 (Ref.eq),5,V ugm-3 (Ref.eq),7,V ugm-3 (BAM)
09-04-21,7,V ugm-3 (BAM),4,V ugm-3 (Ref.eq),8,V ugm-3 (TEOM FDMS),5,V ugm-3 (Ref.eq),6,V ugm-3 (Ref.eq),7,V ugm-3 (BAM)
10-04-21,8,V ugm-3 (BAM),6,V ugm-3 (Ref.eq),7,V ugm-3 (TEOM FDMS),6,V ugm-3 (Ref.eq),6,V ugm-3 (Ref.eq),8,V ugm-3 (BAM)
11-04-21,6,V ugm-3 (BAM),4,V ugm-3 (Ref.eq),7,V ugm-3 (TEOM FDMS),5,V ugm-3 (Ref.eq),5,V ugm-3 (Ref.eq),8,V ugm-3 (BAM)
12-04-21,9,V ugm-3 (BAM),6,V ugm-3 (Ref.eq),10,V ugm-3 (TEOM FDMS),8,V ugm-3 (Ref.eq),7,V ugm-3 (Ref.eq),12,V ugm-3 (BAM)
13-04-21,13,V ugm-3 (BAM),12,V ugm-3 (Ref.eq),17,V ugm-3 (TEOM FDMS),13,V ugm-3 (Ref.eq),11,V ugm-3 (Ref.eq),16,V ugm-3 (BAM)
14-04-21,12,V ugm-3 (BAM),11,V ugm-3 (Ref.eq),12,V ugm-3 (TEOM FDMS),11,V ugm-3 (Ref.eq),11,V ugm-3 (Ref.eq),14,V ugm-3 (BAM)
15-04-21,8,V ugm-3 (BAM),4,V ugm-3 (Ref.eq),5,V ugm-3 (TEOM FDMS),5,V ugm-3 (Ref.eq),4,V ugm-3 (Ref.eq),8,V ugm-3 (BAM)
16-04-21,9,V ugm-3 (BAM),7,V ugm-3 (Ref.eq),8,V ugm-3 (TEOM FDMS),7,V ugm-3 (Ref.eq),7,V ugm-3 (Ref.eq),12,V ugm-3 (BAM)
17-04-21,7,V ugm-3 (BAM),6,V ugm-3 (Ref.eq),6,V ugm-3 (TEOM FDMS),5,V ugm-3 (Ref.eq),7,V ugm-3 (Ref.eq),10,V ugm-3 (BAM)
18-04-21,9,V ugm-3 (BAM),9,V ugm-3 (Ref.eq),9,V ugm-3 (TEOM FDMS),6,V ugm-3 (Ref.eq),8,V ugm-3 (Ref.eq),12,V ugm-3 (BAM)
19-04-21,20,V ugm-3 (BAM),18,V ugm-3 (Ref.eq),19,V ugm-3 (TEOM FDMS),17,V ugm-3 (Ref.eq),19,V ugm-3 (Ref.eq),23,V ugm-3 (BAM)
20-04-21,34,V ugm-3 (BAM),26,V ugm-3 (Ref.eq),33,V ugm-3 (TEOM FDMS),31,V ugm-3 (Ref.eq),28,V ugm-3 (Ref.eq),38,V ugm-3 (BAM)
21-04-21,36,V ugm-3 (BAM),27,V ugm-3 (Ref.eq),35,V ugm-3 (TEOM FDMS),34,V ugm-3 (Ref.eq),35,V ugm-3 (Ref.eq),36,V ugm-3 (BAM)
22-04-21,8,V ugm-3 (BAM),8,V ugm-3 (Ref.eq),8,V ugm-3 (TEOM FDMS),8,V ugm-3 (Ref.eq),8,V ugm-3 (Ref.eq),10,V ugm-3 (BAM)
23-04-21,9,V ugm-3 (BAM),9,V ugm-3 (Ref.eq),9,V ugm-3 (TEOM FDMS),8,V ugm-3 (Ref.eq),8,V ugm-3 (Ref.eq),12,V ugm-3 (BAM)
24-04-21,12,V ugm-3 (BAM),9,V ugm-3 (Ref.eq),10,V ugm-3 (TEOM FDMS),10,V ugm-3 (Ref.eq),10,V ugm-3 (Ref.eq),13,V ugm-3 (BAM)
25-04-21,7,V ugm-3 (BAM),6,V ugm-3 (Ref.eq),6,V ugm-3 (TEOM FDMS),7,V ugm-3 (Ref.eq),6,V ugm-3 (Ref.eq),10,V ugm-3 (BAM)
26-04-21,7,V ugm-3 (BAM),6,V ugm-3 (Ref.eq),6,V ugm-3 (TEOM FDMS),6,V ugm-3 (Ref.eq),6,V ugm-3 (Ref.eq),9,V ugm-3 (BAM)
27-04-21,15,V ugm-3 (BAM),11,V ugm-3 (Ref.eq),15,V ugm-3 (TEOM FDMS),14,V ugm-3 (Ref.eq),11,V ugm-3 (Ref.eq),17,V ugm-3 (BAM)
28-04-21,18,V ugm-3 (BAM),16,V ugm-3 (Ref.eq),16,V ugm-3 (TEOM FDMS),16,V ugm-3 (Ref.eq),18,V ugm-3 (Ref.eq),20,V ugm-3 (BAM)
29-04-21,8,V ugm-3 (BAM),6,V ugm-3 (Ref.eq),5,V ugm-3 (TEOM FDMS),6,V ugm-3 (Ref.eq),7,V ugm-3 (Ref.eq),12,V ugm-3 (BAM)
30-04-21,11,V ugm-3 (BAM),8,V ugm-3 (Ref.eq),11,V ugm-3 (TEOM FDMS),8,V ugm-3 (Ref.eq),9,V ugm-3 (Ref.eq),13,V ugm-3 (BAM)
01-05-21,11,V ugm-3 (BAM),9,V ugm-3 (Ref.eq),11,V ugm-3 (TEOM FDMS),9,V ugm-3 (Ref.eq),10,V ugm-3 (Ref.eq),12,V ugm-3 (BAM)
02-05-21,14,V ugm-3 (BAM),11,V ugm-3 (Ref.eq),17,V ugm-3 (TEOM FDMS),12,V ugm-3 (Ref.eq),14,V ugm-3 (Ref.eq),18,V ugm-3 (BAM)
03-05-21,7,V ugm-3 (BAM),5,V ugm-3 (Ref.eq),9,V ugm-3 (TEOM FDMS),6,V ugm-3 (Ref.eq),7,V ugm-3 (Ref.eq),7,V ugm-3 (BAM)
04-05-21,4,V ugm-3 (BAM),3,V ugm-3 (Ref.eq),5,V ugm-3 (TEOM FDMS),3,V ugm-3 (Ref.eq),3,V ugm-3 (Ref.eq),7,V ugm-3 (BAM)
05-05-21,5,V ugm-3 (BAM),3,V ugm-3 (Ref.eq),5,V ugm-3 (TEOM FDMS),3,V ugm-3 (Ref.eq),3,V ugm-3 (Ref.eq),6,V ugm-3 (BAM)
06-05-21,6,V ugm-3 (BAM),4,V ugm-3 (Ref.eq),7,V ugm-3 (TEOM FDMS),5,V ugm-3 (Ref.eq),4,V ugm-3 (Ref.eq),7,V ugm-3 (BAM)
07-05-21,6,V ugm-3 (BAM),5,V ugm-3 (Ref.eq),7,V ugm-3 (TEOM FDMS),5,V ugm-3 (Ref.eq),5,V ugm-3 (Ref.eq),8,V ugm-3 (BAM)
08-05-21,6,V ugm-3 (BAM),4,V ugm-3 (Ref.eq),6,V ugm-3 (TEOM FDMS),5,V ugm-3 (Ref.eq),5,V ugm-3 (Ref.eq),6,V ugm-3 (BAM)
09-05-21,4,V ugm-3 (BAM),3,V ugm-3 (Ref.eq),7,V ugm-3 (TEOM FDMS),4,V ugm-3 (Ref.eq),4,V ugm-3 (Ref.eq),7,V ugm-3 (BAM)
10-05-21,5,V ugm-3 (BAM),4,V ugm-3 (Ref.eq),8,V ugm-3 (TEOM FDMS),5,V ugm-3 (Ref.eq),5,V ugm-3 (Ref.eq),8,V ugm-3 (BAM)
11-05-21,5,V ugm-3 (BAM),4,V ugm-3 (Ref.eq),7,V ugm-3 (TEOM FDMS),5,V ugm-3 (Ref.eq),4,V ugm-3 (Ref.eq),7,V ugm-3 (BAM)
12-05-21,6,V ugm-3 (BAM),5,V ugm-3 (Ref.eq),9,V ugm-3 (TEOM FDMS),5,V ugm-3 (Ref.eq),5,V ugm-3 (Ref.eq),7,V ugm-3 (BAM)
13-05-21,9,V ugm-3 (BAM),6,V ugm-3 (Ref.eq),12,V ugm-3 (TEOM FDMS),8,V ugm-3 (Ref.eq),5,V ugm-3 (Ref.eq),11,V ugm-3 (BAM)
14-05-21,9,V ugm-3 (BAM),8,V ugm-3 (Ref.eq),11,V ugm-3 (TEOM FDMS),10,V ugm-3 (Ref.eq),9,V ugm-3 (Ref.eq),12,V ugm-3 (BAM)
15-05-21,No data,V ugm-3 (BAM),6,V ugm-3 (Ref.eq),10,V ugm-3 (TEOM FDMS),7,V ugm-3 (Ref.eq),6,V ugm-3 (Ref.eq),9,V ugm-3 (BAM)
16-05-21,No data,V ugm-3 (BAM),5,V ugm-3 (Ref.eq),7,V ugm-3 (TEOM FDMS),5,V ugm-3 (Ref.eq),4,V ugm-3 (Ref.eq),5,V ugm-3 (BAM)
17-05-21,No data,V ugm-3 (BAM),5,V ugm-3 (Ref.eq),9,V ugm-3 (TEOM FDMS),5,V ugm-3 (Ref.eq),5,V ugm-3 (Ref.eq),10,V ugm-3 (BAM)
18-05-21,No data,V ugm-3 (BAM),4,V ugm-3 (Ref.eq),9,V ugm-3 (TEOM FDMS),5,V ugm-3 (Ref.eq),4,V ugm-3 (Ref.eq),8,V ugm-3 (BAM)
19-05-21,No data,V ugm-3 (BAM),2,V ugm-3 (Ref.eq),6,V ugm-3 (TEOM FDMS),3,V ugm-3 (Ref.eq),2,V ugm-3 (Ref.eq),5,V ugm-3 (BAM)
20-05-21,No data,V ugm-3 (BAM),6,V ugm-3 (Ref.eq),9,V ugm-3 (TEOM FDMS),6,V ugm-3 (Ref.eq),6,V ugm-3 (Ref.eq),8,V ugm-3 (BAM)
21-05-21,No data,V ugm-3 (BAM),5,V ugm-3 (Ref.eq),8,V ugm-3 (TEOM FDMS),7,V ugm-3 (Ref.eq),7,V ugm-3 (Ref.eq),9,V ugm-3 (BAM)
22-05-21,No data,V ugm-3 (BAM),2,V ugm-3 (Ref.eq),7,V ugm-3 (TEOM FDMS),3,V ugm-3 (Ref.eq),3,V ugm-3 (Ref.eq),6,V ugm-3 (BAM)
23-05-21,No data,V ugm-3 (BAM),3,V ugm-3 (Ref.eq),6,V ugm-3 (TEOM FDMS),4,V ugm-3 (Ref.eq),4,V ugm-3 (Ref.eq),6,V ugm-3 (BAM)
24-05-21,No data,V ugm-3 (BAM),2,V ugm-3 (Ref.eq),6,V ugm-3 (TEOM FDMS),3,V ugm-3 (Ref.eq),3,V ugm-3 (Ref.eq),6,V ugm-3 (BAM)
25-05-21,No data,V ugm-3 (BAM),3,V ugm-3 (Ref.eq),7,V ugm-3 (TEOM FDMS),4,V ugm-3 (Ref.eq),3,V ugm-3 (Ref.eq),7,V ugm-3 (BAM)
26-05-21,No data,V ugm-3 (BAM),5,V ugm-3 (Ref.eq),8,V ugm-3 (TEOM FDMS),5,V ugm-3 (Ref.eq),4,V ugm-3 (Ref.eq),9,V ugm-3 (BAM)
27-05-21,No data,V ugm-3 (BAM),6,V ugm-3 (Ref.eq),13,V ugm-3 (TEOM FDMS),10,V ugm-3 (Ref.eq),6,V ugm-3 (Ref.eq),13,V ugm-3 (BAM)
28-05-21,No data,V ugm-3 (BAM),11,V ugm-3 (Ref.eq),16,V ugm-3 (TEOM FDMS),13,V ugm-3 (Ref.eq),10,V ugm-3 (Ref.eq),15,V ugm-3 (BAM)
29-05-21,No data,V ugm-3 (BAM),11,V ugm-3 (Ref.eq),15,V ugm-3 (TEOM FDMS),12,V ugm-3 (Ref.eq),12,V ugm-3 (Ref.eq),16,V ugm-3 (BAM)
30-05-21,No data,V ugm-3 (BAM),13,V ugm-3 (Ref.eq),14,V ugm-3 (TEOM FDMS),14,V ugm-3 (Ref.eq),15,V ugm-3 (Ref.eq),14,V ugm-3 (BAM)
31-05-21,No data,V ugm-3 (BAM),15,V ugm-3 (Ref.eq),16,V ugm-3 (TEOM FDMS),15,V ugm-3 (Ref.eq),15,V ugm-3 (Ref.eq),16,V ugm-3 (BAM)
01-06-21,No data,V ugm-3 (BAM),12,V ugm-3 (Ref.eq),15,V ugm-3 (TEOM FDMS),12,V ugm-3 (Ref.eq),12,V ugm-3 (Ref.eq),16,V ugm-3 (BAM)
02-06-21,No data,V ugm-3 (BAM),12,V ugm-3 (Ref.eq),17,V ugm-3 (TEOM FDMS),12,V ugm-3 (Ref.eq),11,V ugm-3 (Ref.eq),16,V ugm-3 (BAM)
03-06-21,No data,V ugm-3 (BAM),13,V ugm-3 (Ref.eq),17,V ugm-3 (TEOM FDMS),13,V ugm-3 (Ref.eq),12,V ugm-3 (Ref.eq),15,V ugm-3 (BAM)
04-06-21,No data,V ugm-3 (BAM),8,V ugm-3 (Ref.eq),9,V ugm-3 (TEOM FDMS),8,V ugm-3 (Ref.eq),8,V ugm-3 (Ref.eq),11,V ugm-3 (BAM)
05-06-21,No data,V ugm-3 (BAM),7,V ugm-3 (Ref.eq),11,V ugm-3 (TEOM FDMS),8,V ugm-3 (Ref.eq),8,V ugm-3 (Ref.eq),11,V ugm-3 (BAM)
06-06-21,No data,V ugm-3 (BAM),6,V ugm-3 (Ref.eq),10,V ugm-3 (TEOM FDMS),5,V ugm-3 (Ref.eq),5,V ugm-3 (Ref.eq),8,V ugm-3 (BAM)
07-06-21,No data,V ugm-3 (BAM),6,V ugm-3 (Ref.eq),10,V ugm-3 (TEOM FDMS),5,V ugm-3 (Ref.eq),4,V ugm-3 (Ref.eq),9,V ugm-3 (BAM)
08-06-21,No data,V ugm-3 (BAM),6,V ugm-3 (Ref.eq),11,V ugm-3 (TEOM FDMS),6,V ugm-3 (Ref.eq),6,V ugm-3 (Ref.eq),8,V ugm-3 (BAM)
09-06-21,No data,V ugm-3 (BAM),6,V ugm-3 (Ref.eq),10,V ugm-3 (TEOM FDMS),5,V ugm-3 (Ref.eq),5,V ugm-3 (Ref.eq),8,V ugm-3 (BAM)
10-06-21,No data,V ugm-3 (BAM),5,V ugm-3 (Ref.eq),9,V ugm-3 (TEOM FDMS),5,V ugm-3 (Ref.eq),5,V ugm-3 (Ref.eq),8,V ugm-3 (BAM)
11-06-21,No data,V ugm-3 (BAM),4,V ugm-3 (Ref.eq),9,V ugm-3 (TEOM FDMS),4,V ugm-3 (Ref.eq),4,V ugm-3 (Ref.eq),8,V ugm-3 (BAM)
12-06-21,No data,V ugm-3 (BAM),7,V ugm-3 (Ref.eq),10,V ugm-3 (TEOM FDMS),7,V ugm-3 (Ref.eq),6,V ugm-3 (Ref.eq),10,V ugm-3 (BAM)
13-06-21,No data,V ugm-3 (BAM),8,V ugm-3 (Ref.eq),14,V ugm-3 (TEOM FDMS),9,V ugm-3 (Ref.eq),9,V ugm-3 (Ref.eq),14,V ugm-3 (BAM)
14-06-21,No data,V ugm-3 (BAM),8,V ugm-3 (Ref.eq),11,V ugm-3 (TEOM FDMS),7,V ugm-3 (Ref.eq),7,V ugm-3 (Ref.eq),No data,V ugm-3 (BAM)
15-06-21,No data,V ugm-3 (BAM),8,V ugm-3 (Ref.eq),11,V ugm-3 (TEOM FDMS),7,V ugm-3 (Ref.eq),7,V ugm-3 (Ref.eq),No data,V ugm-3 (BAM)
16-06-21,No data,V ugm-3 (BAM),10,V ugm-3 (Ref.eq),15,V ugm-3 (TEOM FDMS),9,V ugm-3 (Ref.eq),9,V ugm-3 (Ref.eq),No data,V ugm-3 (BAM)
17-06-21,No data,V ugm-3 (BAM),11,V ugm-3 (Ref.eq),16,V ugm-3 (TEOM FDMS),11,V ugm-3 (Ref.eq),11,V ugm-3 (Ref.eq),No data,V ugm-3 (BAM)
18-06-21,No data,V ugm-3 (BAM),2,V ugm-3 (Ref.eq),No data,V ugm-3 (TEOM FDMS),2,V ugm-3 (Ref.eq),2,V ugm-3 (Ref.eq),No data,V ugm-3 (BAM)
19-06-21,No data,V ugm-3 (BAM),4,V ugm-3 (Ref.eq),No data,V ugm-3 (TEOM FDMS),4,V ugm-3 (Ref.eq),4,V ugm-3 (Ref.eq),No data,V ugm-3 (BAM)
20-06-21,No data,V ugm-3 (BAM),6,V ugm-3 (Ref.eq),6,V ugm-3 (TEOM FDMS),6,V ugm-3 (Ref.eq),6,V ugm-3 (Ref.eq),No data,V ugm-3 (BAM)
21-06-21,No data,V ugm-3 (BAM),5,V ugm-3 (Ref.eq),7,V ugm-3 (TEOM FDMS),6,V ugm-3 (Ref.eq),6,V ugm-3 (Ref.eq),No data,V ugm-3 (BAM)
22-06-21,No data,V ugm-3 (BAM),5,V ugm-3 (Ref.eq),6,V ugm-3 (TEOM FDMS),6,V ugm-3 (Ref.eq),6,V ugm-3 (Ref.eq),No data,V ugm-3 (BAM)
23-06-21,No data,V ugm-3 (BAM),7,V ugm-3 (Ref.eq),9,V ugm-3 (TEOM FDMS),7,V ugm-3 (Ref.eq),7,V ugm-3 (Ref.eq),No data,V ugm-3 (BAM)
24-06-21,No data,V ugm-3 (BAM),10,V ugm-3 (Ref.eq),14,V ugm-3 (TEOM FDMS),11,V ugm-3 (Ref.eq),10,V ugm-3 (Ref.eq),No data,V ugm-3 (BAM)
25-06-21,No data,V ugm-3 (BAM),4,V ugm-3 (Ref.eq),9,V ugm-3 (TEOM FDMS),5,V ugm-3 (Ref.eq),4,V ugm-3 (Ref.eq),No data,V ugm-3 (BAM)
26-06-21,No data,V ugm-3 (BAM),5,V ugm-3 (Ref.eq),11,V ugm-3 (TEOM FDMS),8,V ugm-3 (Ref.eq),7,V ugm-3 (Ref.eq),No data,V ugm-3 (BAM)
27-06-21,No data,V ugm-3 (BAM),14,V ugm-3 (Ref.eq),18,V ugm-3 (TEOM FDMS),16,V ugm-3 (Ref.eq),17,V ugm-3 (Ref.eq),No data,V ugm-3 (BAM)
28-06-21,No data,V ugm-3 (BAM),8,V ugm-3 (Ref.eq),12,V ugm-3 (TEOM FDMS),9,V ugm-3 (Ref.eq),9,V ugm-3 (Ref.eq),No data,V ugm-3 (BAM)
29-06-21,No data,V ugm-3 (BAM),10,V ugm-3 (Ref.eq),11,V ugm-3 (TEOM FDMS),10,V ugm-3 (Ref.eq),11,V ugm-3 (Ref.eq),10,V ugm-3 (BAM)
30-06-21,No data,V ugm-3 (BAM),7,V ugm-3 (Ref.eq),7,V ugm-3 (TEOM FDMS),6,V ugm-3 (Ref.eq),7,V ugm-3 (Ref.eq),6,V ugm-3 (BAM)
01-07-21,No data,V ugm-3 (BAM),12,V ugm-3 (Ref.eq),13,V ugm-3 (TEOM FDMS),11,V ugm-3 (Ref.eq),13,V ugm-3 (Ref.eq),12,V ugm-3 (BAM)
02-07-21,No data,V ugm-3 (BAM),15,V ugm-3 (Ref.eq),20,V ugm-3 (TEOM FDMS),13,V ugm-3 (Ref.eq),14,V ugm-3 (Ref.eq),15,V ugm-3 (BAM)
03-07-21,No data,V ugm-3 (BAM),7,V ugm-3 (Ref.eq),12,V ugm-3 (TEOM FDMS),7,V ugm-3 (Ref.eq),6,V ugm-3 (Ref.eq),7,V ugm-3 (BAM)
04-07-21,No data,V ugm-3 (BAM),4,V ugm-3 (Ref.eq),8,V ugm-3 (TEOM FDMS),4,V ugm-3 (Ref.eq),4,V ugm-3 (Ref.eq),3,V ugm-3 (BAM)
05-07-21,No data,V ugm-3 (BAM),5,V ugm-3 (Ref.eq),9,V ugm-3 (TEOM FDMS),5,V ugm-3 (Ref.eq),5,V ugm-3 (Ref.eq),4,V ugm-3 (BAM)
06-07-21,No data,V ugm-3 (BAM),4,V ugm-3 (Ref.eq),9,V ugm-3 (TEOM FDMS),4,V ugm-3 (Ref.eq),5,V ugm-3 (Ref.eq),6,V ugm-3 (BAM)
07-07-21,No data,V ugm-3 (BAM),6,V ugm-3 (Ref.eq),10,V ugm-3 (TEOM FDMS),6,V ugm-3 (Ref.eq),7,V ugm-3 (Ref.eq),7,V ugm-3 (BAM)
08-07-21,No data,V ugm-3 (BAM),6,V ugm-3 (Ref.eq),12,V ugm-3 (TEOM FDMS),6,V ugm-3 (Ref.eq),6,V ugm-3 (Ref.eq),7,V ugm-3 (BAM)
09-07-21,No data,V ugm-3 (BAM),7,V ugm-3 (Ref.eq),14,V ugm-3 (TEOM FDMS),7,V ugm-3 (Ref.eq),7,V ugm-3 (Ref.eq),9,V ugm-3 (BAM)
10-07-21,No data,V ugm-3 (BAM),4,V ugm-3 (Ref.eq),11,V ugm-3 (TEOM FDMS),4,V ugm-3 (Ref.eq),4,V ugm-3 (Ref.eq),6,V ugm-3 (BAM)
11-07-21,No data,V ugm-3 (BAM),5,V ugm-3 (Ref.eq),No data,V ugm-3 (TEOM FDMS),5,V ugm-3 (Ref.eq),5,V ugm-3 (Ref.eq),7,V ugm-3 (BAM)
12-07-21,No data,V ugm-3 (BAM),4,V ugm-3 (Ref.eq),No data,V ugm-3 (TEOM FDMS),5,V ugm-3 (Ref.eq),5,V ugm-3 (Ref.eq),7,V ugm-3 (BAM)
13-07-21,No data,V ugm-3 (BAM),8,V ugm-3 (Ref.eq),No data,V ugm-3 (TEOM FDMS),9,V ugm-3 (Ref.eq),9,V ugm-3 (Ref.eq),12,V ugm-3 (BAM)
14-07-21,No data,V ugm-3 (BAM),7,V ugm-3 (Ref.eq),No data,V ugm-3 (TEOM FDMS),7,V ugm-3 (Ref.eq),7,V ugm-3 (Ref.eq),8,V ugm-3 (BAM)
15-07-21,No data,V ugm-3 (BAM),6,V ugm-3 (Ref.eq),No data,V ugm-3 (TEOM FDMS),5,V ugm-3 (Ref.eq),5,V ugm-3 (Ref.eq),8,V ugm-3 (BAM)
16-07-21,No data,V ugm-3 (BAM),7,V ugm-3 (Ref.eq),No data,V ugm-3 (TEOM FDMS),7,V ugm-3 (Ref.eq),6,V ugm-3 (Ref.eq),7,V ugm-3 (BAM)
17-07-21,No data,V ugm-3 (BAM),5,V ugm-3 (Ref.eq),No data,V ugm-3 (TEOM FDMS),5,V ugm-3 (Ref.eq),4,V ugm-3 (Ref.eq),5,V ugm-3 (BAM)
18-07-21,No data,V ugm-3 (BAM),9,V ugm-3 (Ref.eq),No data,V ugm-3 (TEOM FDMS),8,V ugm-3 (Ref.eq),8,V ugm-3 (Ref.eq),8,V ugm-3 (BAM)
19-07-21,No data,V ugm-3 (BAM),11,V ugm-3 (Ref.eq),No data,V ugm-3 (TEOM FDMS),10,V ugm-3 (Ref.eq),10,V ugm-3 (Ref.eq),10,V ugm-3 (BAM)
20-07-21,No data,V ugm-3 (BAM),12,V ugm-3 (Ref.eq),No data,V ugm-3 (TEOM FDMS),12,V ugm-3 (Ref.eq),11,V ugm-3 (Ref.eq),12,V ugm-3 (BAM)
21-07-21,No data,V ugm-3 (BAM),14,V ugm-3 (Ref.eq),No data,V ugm-3 (TEOM FDMS),18,V ugm-3 (Ref.eq),14,V ugm-3 (Ref.eq),19,V ugm-3 (BAM)
22-07-21,No data,V ugm-3 (BAM),19,V ugm-3 (Ref.eq),25,V ugm-3 (TEOM FDMS),19,V ugm-3 (Ref.eq),17,V ugm-3 (Ref.eq),22,V ugm-3 (BAM)
23-07-21,No data,V ugm-3 (BAM),9,V ugm-3 (Ref.eq),11,V ugm-3 (TEOM FDMS),8,V ugm-3 (Ref.eq),8,V ugm-3 (Ref.eq),9,V ugm-3 (BAM)
24-07-21,No data,V ugm-3 (BAM),17,V ugm-3 (Ref.eq),20,V ugm-3 (TEOM FDMS),17,V ugm-3 (Ref.eq),18,V ugm-3 (Ref.eq),16,V ugm-3 (BAM)
25-07-21,No data,V ugm-3 (BAM),14,V ugm-3 (Ref.eq),17,V ugm-3 (TEOM FDMS),14,V ugm-3 (Ref.eq),16,V ugm-3 (Ref.eq),17,V ugm-3 (BAM)
26-07-21,No data,V ugm-3 (BAM),13,V ugm-3 (Ref.eq),No data,V ugm-3 (TEOM FDMS),14,V ugm-3 (Ref.eq),15,V ugm-3 (Ref.eq),No data,V ugm-3 (BAM)
27-07-21,No data,V ugm-3 (BAM),6,V ugm-3 (Ref.eq),No data,V ugm-3 (TEOM FDMS),6,V ugm-3 (Ref.eq),6,V ugm-3 (Ref.eq),No data,V ugm-3 (BAM)
28-07-21,No data,V ugm-3 (BAM),4,V ugm-3 (Ref.eq),No data,V ugm-3 (TEOM FDMS),5,V ugm-3 (Ref.eq),4,V ugm-3 (Ref.eq),No data,V ugm-3 (BAM)
29-07-21,No data,V ugm-3 (BAM),No data,V ugm-3 (Ref.eq),7,V ugm-3 (TEOM FDMS),5,V ugm-3 (Ref.eq),No data,V ugm-3 (Ref.eq),No data,V ugm-3 (BAM)
30-07-21,No data,V ugm-3 (BAM),No data,V ugm-3 (Ref.eq),7,V ugm-3 (TEOM FDMS),4,V ugm-3 (Ref.eq),No data,V ugm-3 (Ref.eq),No data,V ugm-3 (BAM)
31-07-21,No data,V ugm-3 (BAM),3,V ugm-3 (Ref.eq),7,V ugm-3 (TEOM FDMS),3,V ugm-3 (Ref.eq),4,V ugm-3 (Ref.eq),No data,V ugm-3 (BAM)
01-08-21,No data,V ugm-3 (BAM),4,V ugm-3 (Ref.eq),6,V ugm-3 (TEOM FDMS),4,V ugm-3 (Ref.eq),4,V ugm-3 (Ref.eq),No data,V ugm-3 (BAM)
02-08-21,No data,V ugm-3 (BAM),4,V ugm-3 (Ref.eq),6,V ugm-3 (TEOM FDMS),4,V ugm-3 (Ref.eq),4,V ugm-3 (Ref.eq),No data,V ugm-3 (BAM)
03-08-21,No data,V ugm-3 (BAM),6,V ugm-3 (Ref.eq),9,V ugm-3 (TEOM FDMS),7,V ugm-3 (Ref.eq),5,V ugm-3 (Ref.eq),No data,V ugm-3 (BAM)
04-08-21,No data,V ugm-3 (BAM),7,V ugm-3 (Ref.eq),11,V ugm-3 (TEOM FDMS),7,V ugm-3 (Ref.eq),6,V ugm-3 (Ref.eq),No data,V ugm-3 (BAM)
05-08-21,No data,V ugm-3 (BAM),5,V ugm-3 (Ref.eq),9,V ugm-3 (TEOM FDMS),6,V ugm-3 (Ref.eq),5,V ugm-3 (Ref.eq),No data,V ugm-3 (BAM)
06-08-21,No data,V ugm-3 (BAM),4,V ugm-3 (Ref.eq),6,V ugm-3 (TEOM FDMS),4,V ugm-3 (Ref.eq),4,V ugm-3 (Ref.eq),No data,V ugm-3 (BAM)
07-08-21,No data,V ugm-3 (BAM),3,V ugm-3 (Ref.eq),6,V ugm-3 (TEOM FDMS),3,V ugm-3 (Ref.eq),3,V ugm-3 (Ref.eq),No data,V ugm-3 (BAM)
08-08-21,No data,V ugm-3 (BAM),5,V ugm-3 (Ref.eq),6,V ugm-3 (TEOM FDMS),5,V ugm-3 (Ref.eq),5,V ugm-3 (Ref.eq),No data,V ugm-3 (BAM)
09-08-21,No data,V ugm-3 (BAM),4,V ugm-3 (Ref.eq),7,V ugm-3 (TEOM FDMS),4,V ugm-3 (Ref.eq),4,V ugm-3 (Ref.eq),No data,V ugm-3 (BAM)
10-08-21,No data,V ugm-3 (BAM),5,V ugm-3 (Ref.eq),8,V ugm-3 (TEOM FDMS),6,V ugm-3 (Ref.eq),5,V ugm-3 (Ref.eq),No data,V ugm-3 (BAM)
11-08-21,No data,V ugm-3 (BAM),4,V ugm-3 (Ref.eq),8,V ugm-3 (TEOM FDMS),5,V ugm-3 (Ref.eq),4,V ugm-3 (Ref.eq),No data,V ugm-3 (BAM)
12-08-21,No data,V ugm-3 (BAM),5,V ugm-3 (Ref.eq),8,V ugm-3 (TEOM FDMS),5,V ugm-3 (Ref.eq),5,V ugm-3 (Ref.eq),No data,V ugm-3 (BAM)
13-08-21,No data,V ugm-3 (BAM),7,V ugm-3 (Ref.eq),10,V ugm-3 (TEOM FDMS),7,V ugm-3 (Ref.eq),7,V ugm-3 (Ref.eq),No data,V ugm-3 (BAM)
14-08-21,No data,V ugm-3 (BAM),7,V ugm-3 (Ref.eq),9,V ugm-3 (TEOM FDMS),7,V ugm-3 (Ref.eq),7,V ugm-3 (Ref.eq),No data,V ugm-3 (BAM)
15-08-21,No data,V ugm-3 (BAM),4,V ugm-3 (Ref.eq),7,V ugm-3 (TEOM FDMS),5,V ugm-3 (Ref.eq),5,V ugm-3 (Ref.eq),No data,V ugm-3 (BAM)
16-08-21,No data,V ugm-3 (BAM),9,V ugm-3 (Ref.eq),11,V ugm-3 (TEOM FDMS),10,V ugm-3 (Ref.eq),9,V ugm-3 (Ref.eq),No data,V ugm-3 (BAM)
17-08-21,No data,V ugm-3 (BAM),4,V ugm-3 (Ref.eq),7,V ugm-3 (TEOM FDMS),4,V ugm-3 (Ref.eq),4,V ugm-3 (Ref.eq),No data,V ugm-3 (BAM)
18-08-21,No data,V ugm-3 (BAM),3,V ugm-3 (Ref.eq),7,V ugm-3 (TEOM FDMS),4,V ugm-3 (Ref.eq),3,V ugm-3 (Ref.eq),No data,V ugm-3 (BAM)
19-08-21,No data,V ugm-3 (BAM),5,V ugm-3 (Ref.eq),8,V ugm-3 (TEOM FDMS),5,V ugm-3 (Ref.eq),5,V ugm-3 (Ref.eq),No data,V ugm-3 (BAM)
20-08-21,No data,V ugm-3 (BAM),3,V ugm-3 (Ref.eq),7,V ugm-3 (TEOM FDMS),3,V ugm-3 (Ref.eq),3,V ugm-3 (Ref.eq),No data,V ugm-3 (BAM)
21-08-21,No data,V ugm-3 (BAM),5,V ugm-3 (Ref.eq),9,V ugm-3 (TEOM FDMS),6,V ugm-3 (Ref.eq),5,V ugm-3 (Ref.eq),No data,V ugm-3 (BAM)
22-08-21,No data,V ugm-3 (BAM),4,V ugm-3 (Ref.eq),6,V ugm-3 (TEOM FDMS),5,V ugm-3 (Ref.eq),5,V ugm-3 (Ref.eq),No data,V ugm-3 (BAM)
23-08-21,No data,V ugm-3 (BAM),4,V ugm-3 (Ref.eq),6,V ugm-3 (TEOM FDMS),5,V ugm-3 (Ref.eq),5,V ugm-3 (Ref.eq),No data,V ugm-3 (BAM)
24-08-21,No data,V ugm-3 (BAM),5,V ugm-3 (Ref.eq),5,V ugm-3 (TEOM FDMS),5,V ugm-3 (Ref.eq),5,V ugm-3 (Ref.eq),No data,V ugm-3 (BAM)
25-08-21,No data,V ugm-3 (BAM),3,V ugm-3 (Ref.eq),4,V ugm-3 (TEOM FDMS),3,V ugm-3 (Ref.eq),3,V ugm-3 (Ref.eq),No data,V ugm-3 (BAM)
26-08-21,No data,V ugm-3 (BAM),5,V ugm-3 (Ref.eq),5,V ugm-3 (TEOM FDMS),5,V ugm-3 (Ref.eq),6,V ugm-3 (Ref.eq),No data,V ugm-3 (BAM)
27-08-21,No data,V ugm-3 (BAM),6,V ugm-3 (Ref.eq),6,V ugm-3 (TEOM FDMS),6,V ugm-3 (Ref.eq),6,V ugm-3 (Ref.eq),No data,V ugm-3 (BAM)
28-08-21,No data,V ugm-3 (BAM),7,V ugm-3 (Ref.eq),6,V ugm-3 (TEOM FDMS),6,V ugm-3 (Ref.eq),7,V ugm-3 (Ref.eq),5,V ugm-3 (BAM)
29-08-21,No data,V ugm-3 (BAM),5,V ugm-3 (Ref.eq),5,V ugm-3 (TEOM FDMS),5,V ugm-3 (Ref.eq),5,V ugm-3 (Ref.eq),4,V ugm-3 (BAM)
30-08-21,No data,V ugm-3 (BAM),4,V ugm-3 (Ref.eq),4,V ugm-3 (TEOM FDMS),4,V ugm-3 (Ref.eq),4,V ugm-3 (Ref.eq),4,V ugm-3 (BAM)
31-08-21,No data,V ugm-3 (BAM),4,V ugm-3 (Ref.eq),5,V ugm-3 (TEOM FDMS),5,V ugm-3 (Ref.eq),5,V ugm-3 (Ref.eq),3,V ugm-3 (BAM)
01-09-21,No data,V ugm-3 (BAM),7,V ugm-3 (Ref.eq),8,V ugm-3 (TEOM FDMS),8,V ugm-3 (Ref.eq),8,V ugm-3 (Ref.eq),7,V ugm-3 (BAM)
02-09-21,No data,V ugm-3 (BAM),8,V ugm-3 (Ref.eq),9,V ugm-3 (TEOM FDMS),9,V ugm-3 (Ref.eq),9,V ugm-3 (Ref.eq),8,V ugm-3 (BAM)
03-09-21,No data,V ugm-3 (BAM),14,V ugm-3 (Ref.eq),15,V ugm-3 (TEOM FDMS),14,V ugm-3 (Ref.eq),14,V ugm-3 (Ref.eq),12,V ugm-3 (BAM)
04-09-21,No data,V ugm-3 (BAM),15,V ugm-3 (Ref.eq),15,V ugm-3 (TEOM FDMS),15,V ugm-3 (Ref.eq),15,V ugm-3 (Ref.eq),12,V ugm-3 (BAM)
05-09-21,No data,V ugm-3 (BAM),17,V ugm-3 (Ref.eq),No data,V ugm-3 (TEOM FDMS),18,V ugm-3 (Ref.eq),18,V ugm-3 (Ref.eq),16,V ugm-3 (BAM)
06-09-21,No data,V ugm-3 (BAM),20,V ugm-3 (Ref.eq),No data,V ugm-3 (TEOM FDMS),20,V ugm-3 (Ref.eq),17,V ugm-3 (Ref.eq),22,V ugm-3 (BAM)
07-09-21,No data,V ugm-3 (BAM),17,V ugm-3 (Ref.eq),No data,V ugm-3 (TEOM FDMS),25,V ugm-3 (Ref.eq),14,V ugm-3 (Ref.eq),29,V ugm-3 (BAM)
08-09-21,No data,V ugm-3 (BAM),24,V ugm-3 (Ref.eq),No data,V ugm-3 (TEOM FDMS),28,V ugm-3 (Ref.eq),25,V ugm-3 (Ref.eq),33,V ugm-3 (BAM)
09-09-21,No data,V ugm-3 (BAM),8,V ugm-3 (Ref.eq),No data,V ugm-3 (TEOM FDMS),9,V ugm-3 (Ref.eq),9,V ugm-3 (Ref.eq),10,V ugm-3 (BAM)
10-09-21,No data,V ugm-3 (BAM),4,V ugm-3 (Ref.eq),No data,V ugm-3 (TEOM FDMS),4,V ugm-3 (Ref.eq),4,V ugm-3 (Ref.eq),5,V ugm-3 (BAM)
11-09-21,No data,V ugm-3 (BAM),5,V ugm-3 (Ref.eq),No data,V ugm-3 (TEOM FDMS),6,V ugm-3 (Ref.eq),6,V ugm-3 (Ref.eq),5,V ugm-3 (BAM)
12-09-21,No data,V ugm-3 (BAM),6,V ugm-3 (Ref.eq),No data,V ugm-3 (TEOM FDMS),6,V ugm-3 (Ref.eq),5,V ugm-3 (Ref.eq),6,V ugm-3 (BAM)
13-09-21,No data,V ugm-3 (BAM),5,V ugm-3 (Ref.eq),No data,V ugm-3 (TEOM FDMS),4,V ugm-3 (Ref.eq),4,V ugm-3 (Ref.eq),3,V ugm-3 (BAM)
14-09-21,No data,V ugm-3 (BAM),12,V ugm-3 (Ref.eq),No data,V ugm-3 (TEOM FDMS),12,V ugm-3 (Ref.eq),13,V ugm-3 (Ref.eq),15,V ugm-3 (BAM)
15-09-21,No data,V ugm-3 (BAM),9,V ugm-3 (Ref.eq),No data,V ugm-3 (TEOM FDMS),10,V ugm-3 (Ref.eq),8,V ugm-3 (Ref.eq),12,V ugm-3 (BAM)
16-09-21,No data,V ugm-3 (BAM),10,V ugm-3 (Ref.eq),No data,V ugm-3 (TEOM FDMS),10,V ugm-3 (Ref.eq),8,V ugm-3 (Ref.eq),14,V ugm-3 (BAM)
17-09-21,No data,V ugm-3 (BAM),7,V ugm-3 (Ref.eq),No data,V ugm-3 (TEOM FDMS),7,V ugm-3 (Ref.eq),6,V ugm-3 (Ref.eq),10,V ugm-3 (BAM)
18-09-21,No data,V ugm-3 (BAM),13,V ugm-3 (Ref.eq),No data,V ugm-3 (TEOM FDMS),14,V ugm-3 (Ref.eq),11,V ugm-3 (Ref.eq),18,V ugm-3 (BAM)
19-09-21,No data,V ugm-3 (BAM),13,V ugm-3 (Ref.eq),No data,V ugm-3 (TEOM FDMS),22,V ugm-3 (Ref.eq),11,V ugm-3 (Ref.eq),25,V ugm-3 (BAM)
20-09-21,No data,V ugm-3 (BAM),6,V ugm-3 (Ref.eq),No data,V ugm-3 (TEOM FDMS),7,V ugm-3 (Ref.eq),6,V ugm-3 (Ref.eq),11,V ugm-3 (BAM)
21-09-21,No data,V ugm-3 (BAM),8,V ugm-3 (Ref.eq),No data,V ugm-3 (TEOM FDMS),9,V ugm-3 (Ref.eq),6,V ugm-3 (Ref.eq),14,V ugm-3 (BAM)
22-09-21,No data,V ugm-3 (BAM),10,V ugm-3 (Ref.eq),No data,V ugm-3 (TEOM FDMS),9,V ugm-3 (Ref.eq),7,V ugm-3 (Ref.eq),13,V ugm-3 (BAM)
23-09-21,No data,V ugm-3 (BAM),4,V ugm-3 (Ref.eq),No data,V ugm-3 (TEOM FDMS),5,V ugm-3 (Ref.eq),5,V ugm-3 (Ref.eq),No data,V ugm-3 (BAM)
24-09-21,No data,V ugm-3 (BAM),6,V ugm-3 (Ref.eq),No data,V ugm-3 (TEOM FDMS),6,V ugm-3 (Ref.eq),5,V ugm-3 (Ref.eq),No data,V ugm-3 (BAM)
25-09-21,No data,V ugm-3 (BAM),6,V ugm-3 (Ref.eq),12,V ugm-3 (TEOM FDMS),7,V ugm-3 (Ref.eq),4,V ugm-3 (Ref.eq),No data,V ugm-3 (BAM)
26-09-21,No data,V ugm-3 (BAM),12,V ugm-3 (Ref.eq),17,V ugm-3 (TEOM FDMS),13,V ugm-3 (Ref.eq),11,V ugm-3 (Ref.eq),No data,V ugm-3 (BAM)
27-09-21,No data,V ugm-3 (BAM),2,V ugm-3 (Ref.eq),6,V ugm-3 (TEOM FDMS),3,V ugm-3 (Ref.eq),3,V ugm-3 (Ref.eq),No data,V ugm-3 (BAM)
28-09-21,No data,V ugm-3 (BAM),3,V ugm-3 (Ref.eq),6,V ugm-3 (TEOM FDMS),4,V ugm-3 (Ref.eq),3,V ugm-3 (Ref.eq),No data,V ugm-3 (BAM)
29-09-21,No data,V ugm-3 (BAM),3,V ugm-3 (Ref.eq),6,V ugm-3 (TEOM FDMS),3,V ugm-3 (Ref.eq),2,V ugm-3 (Ref.eq),No data,V ugm-3 (BAM)
30-09-21,No data,V ugm-3 (BAM),3,V ugm-3 (Ref.eq),6,V ugm-3 (TEOM FDMS),3,V ugm-3 (Ref.eq),3,V ugm-3 (Ref.eq),No data,V ugm-3 (BAM)
01-10-21,No data,V ugm-3 (BAM),2,V ugm-3 (Ref.eq),7,V ugm-3 (TEOM FDMS),3,V ugm-3 (Ref.eq),3,V ugm-3 (Ref.eq),3,V ugm-3 (BAM)
02-10-21,No data,V ugm-3 (BAM),3,V ugm-3 (Ref.eq),6,V ugm-3 (TEOM FDMS),3,V ugm-3 (Ref.eq),2,V ugm-3 (Ref.eq),3,V ugm-3 (BAM)
03-10-21,No data,V ugm-3 (BAM),3,V ugm-3 (Ref.eq),5,V ugm-3 (TEOM FDMS),3,V ugm-3 (Ref.eq),3,V ugm-3 (Ref.eq),4,V ugm-3 (BAM)
04-10-21,No data,V ugm-3 (BAM),3,V ugm-3 (Ref.eq),6,V ugm-3 (TEOM FDMS),4,V ugm-3 (Ref.eq),4,V ugm-3 (Ref.eq),4,V ugm-3 (BAM)
05-10-21,No data,V ugm-3 (BAM),2,V ugm-3 (Ref.eq),5,V ugm-3 (TEOM FDMS),2,V ugm-3 (Ref.eq),2,V ugm-3 (Ref.eq),3,V ugm-3 (BAM)
06-10-21,No data,V ugm-3 (BAM),4,V ugm-3 (Ref.eq),7,V ugm-3 (TEOM FDMS),4,V ugm-3 (Ref.eq),4,V ugm-3 (Ref.eq),5,V ugm-3 (BAM)
07-10-21,No data,V ugm-3 (BAM),6,V ugm-3 (Ref.eq),11,V ugm-3 (TEOM FDMS),7,V ugm-3 (Ref.eq),4,V ugm-3 (Ref.eq),6,V ugm-3 (BAM)
08-10-21,No data,V ugm-3 (BAM),7,V ugm-3 (Ref.eq),11,V ugm-3 (TEOM FDMS),7,V ugm-3 (Ref.eq),5,V ugm-3 (Ref.eq),9,V ugm-3 (BAM)
09-10-21,No data,V ugm-3 (BAM),22,V ugm-3 (Ref.eq),31,V ugm-3 (TEOM FDMS),28,V ugm-3 (Ref.eq),21,V ugm-3 (Ref.eq),32,V ugm-3 (BAM)
10-10-21,No data,V ugm-3 (BAM),12,V ugm-3 (Ref.eq),18,V ugm-3 (TEOM FDMS),16,V ugm-3 (Ref.eq),13,V ugm-3 (Ref.eq),17,V ugm-3 (BAM)
11-10-21,No data,V ugm-3 (BAM),7,V ugm-3 (Ref.eq),9,V ugm-3 (TEOM FDMS),8,V ugm-3 (Ref.eq),5,V ugm-3 (Ref.eq),6,V ugm-3 (BAM)
12-10-21,No data,V ugm-3 (BAM),8,V ugm-3 (Ref.eq),9,V ugm-3 (TEOM FDMS),8,V ugm-3 (Ref.eq),6,V ugm-3 (Ref.eq),6,V ugm-3 (BAM)
13-10-21,No data,V ugm-3 (BAM),6,V ugm-3 (Ref.eq),No data,V ugm-3 (TEOM FDMS),7,V ugm-3 (Ref.eq),4,V ugm-3 (Ref.eq),6,V ugm-3 (BAM)
14-10-21,No data,V ugm-3 (BAM),6,V ugm-3 (Ref.eq),No data,V ugm-3 (TEOM FDMS),8,V ugm-3 (Ref.eq),6,V ugm-3 (Ref.eq),7,V ugm-3 (BAM)
15-10-21,No data,V ugm-3 (BAM),7,V ugm-3 (Ref.eq),No data,V ugm-3 (TEOM FDMS),8,V ugm-3 (Ref.eq),6,V ugm-3 (Ref.eq),7,V ugm-3 (BAM)
16-10-21,No data,V ugm-3 (BAM),11,V ugm-3 (Ref.eq),16,V ugm-3 (TEOM FDMS),12,V ugm-3 (Ref.eq),8,V ugm-3 (Ref.eq),10,V ugm-3 (BAM)
17-10-21,No data,V ugm-3 (BAM),10,V ugm-3 (Ref.eq),13,V ugm-3 (TEOM FDMS),10,V ugm-3 (Ref.eq),7,V ugm-3 (Ref.eq),9,V ugm-3 (BAM)
18-10-21,No data,V ugm-3 (BAM),8,V ugm-3 (Ref.eq),12,V ugm-3 (TEOM FDMS),9,V ugm-3 (Ref.eq),6,V ugm-3 (Ref.eq),9,V ugm-3 (BAM)
19-10-21,No data,V ugm-3 (BAM),11,V ugm-3 (Ref.eq),15,V ugm-3 (TEOM FDMS),13,V ugm-3 (Ref.eq),13,V ugm-3 (Ref.eq),12,V ugm-3 (BAM)
20-10-21,No data,V ugm-3 (BAM),5,V ugm-3 (Ref.eq),8,V ugm-3 (TEOM FDMS),6,V ugm-3 (Ref.eq),5,V ugm-3 (Ref.eq),4,V ugm-3 (BAM)
21-10-21,No data,V ugm-3 (BAM),4,V ugm-3 (Ref.eq),6,V ugm-3 (TEOM FDMS),4,V ugm-3 (Ref.eq),4,V ugm-3 (Ref.eq),5,V ugm-3 (BAM)
22-10-21,No data,V ugm-3 (BAM),3,V ugm-3 (Ref.eq),7,V ugm-3 (TEOM FDMS),4,V ugm-3 (Ref.eq),3,V ugm-3 (Ref.eq),4,V ugm-3 (BAM)
23-10-21,No data,V ugm-3 (BAM),4,V ugm-3 (Ref.eq),7,V ugm-3 (TEOM FDMS),4,V ugm-3 (Ref.eq),4,V ugm-3 (Ref.eq),No data,V ugm-3 (BAM)
24-10-21,No data,V ugm-3 (BAM),4,V ugm-3 (Ref.eq),7,V ugm-3 (TEOM FDMS),5,V ugm-3 (Ref.eq),4,V ugm-3 (Ref.eq),No data,V ugm-3 (BAM)
25-10-21,No data,V ugm-3 (BAM),6,V ugm-3 (Ref.eq),8,V ugm-3 (TEOM FDMS),6,V ugm-3 (Ref.eq),4,V ugm-3 (Ref.eq),No data,V ugm-3 (BAM)
26-10-21,No data,V ugm-3 (BAM),4,V ugm-3 (Ref.eq),7,V ugm-3 (TEOM FDMS),5,V ugm-3 (Ref.eq),5,V ugm-3 (Ref.eq),4,V ugm-3 (BAM)
27-10-21,No data,V ugm-3 (BAM),3,V ugm-3 (Ref.eq),6,V ugm-3 (TEOM FDMS),4,V ugm-3 (Ref.eq),4,V ugm-3 (Ref.eq),3,V ugm-3 (BAM)
28-10-21,No data,V ugm-3 (BAM),6,V ugm-3 (Ref.eq),10,V ugm-3 (TEOM FDMS),7,V ugm-3 (Ref.eq),6,V ugm-3 (Ref.eq),6,V ugm-3 (BAM)
29-10-21,No data,V ugm-3 (BAM),5,V ugm-3 (Ref.eq),9,V ugm-3 (TEOM FDMS),6,V ugm-3 (Ref.eq),6,V ugm-3 (Ref.eq),6,V ugm-3 (BAM)
30-10-21,No data,V ugm-3 (BAM),3,V ugm-3 (Ref.eq),7,V ugm-3 (TEOM FDMS),4,V ugm-3 (Ref.eq),3,V ugm-3 (Ref.eq),4,V ugm-3 (BAM)
31-10-21,No data,V ugm-3 (BAM),4,V ugm-3 (Ref.eq),6,V ugm-3 (TEOM FDMS),5,V ugm-3 (Ref.eq),5,V ugm-3 (Ref.eq),2,V ugm-3 (BAM)
01-11-21,No data,V ugm-3 (BAM),4,V ugm-3 (Ref.eq),8,V ugm-3 (TEOM FDMS),5,V ugm-3 (Ref.eq),5,V ugm-3 (Ref.eq),5,V ugm-3 (BAM)
02-11-21,No data,V ugm-3 (BAM),7,V ugm-3 (Ref.eq),12,V ugm-3 (TEOM FDMS),10,V ugm-3 (Ref.eq),7,V ugm-3 (Ref.eq),10,V ugm-3 (BAM)
03-11-21,No data,V ugm-3 (BAM),8,V ugm-3 (Ref.eq),12,V ugm-3 (TEOM FDMS),12,V ugm-3 (Ref.eq),11,V ugm-3 (Ref.eq),14,V ugm-3 (BAM)
04-11-21,No data,V ugm-3 (BAM),6,V ugm-3 (Ref.eq),7,V ugm-3 (TEOM FDMS),7,V ugm-3 (Ref.eq),6,V ugm-3 (Ref.eq),6,V ugm-3 (BAM)
05-11-21,No data,V ugm-3 (BAM),11,V ugm-3 (Ref.eq),22,V ugm-3 (TEOM FDMS),18,V ugm-3 (Ref.eq),17,V ugm-3 (Ref.eq),17,V ugm-3 (BAM)
06-11-21,No data,V ugm-3 (BAM),5,V ugm-3 (Ref.eq),14,V ugm-3 (TEOM FDMS),10,V ugm-3 (Ref.eq),10,V ugm-3 (Ref.eq),9,V ugm-3 (BAM)
07-11-21,No data,V ugm-3 (BAM),7,V ugm-3 (Ref.eq),11,V ugm-3 (TEOM FDMS),9,V ugm-3 (Ref.eq),10,V ugm-3 (Ref.eq),10,V ugm-3 (BAM)
08-11-21,No data,V ugm-3 (BAM),9,V ugm-3 (Ref.eq),15,V ugm-3 (TEOM FDMS),12,V ugm-3 (Ref.eq),10,V ugm-3 (Ref.eq),9,V ugm-3 (BAM)
09-11-21,No data,V ugm-3 (BAM),4,V ugm-3 (Ref.eq),9,V ugm-3 (TEOM FDMS),6,V ugm-3 (Ref.eq),9,V ugm-3 (Ref.eq),6,V ugm-3 (BAM)
10-11-21,No data,V ugm-3 (BAM),7,V ugm-3 (Ref.eq),12,V ugm-3 (TEOM FDMS),8,V ugm-3 (Ref.eq),8,V ugm-3 (Ref.eq),8,V ugm-3 (BAM)
11-11-21,No data,V ugm-3 (BAM),8,V ugm-3 (Ref.eq),12,V ugm-3 (TEOM FDMS),8,V ugm-3 (Ref.eq),7,V ugm-3 (Ref.eq),8,V ugm-3 (BAM)
12-11-21,No data,V ugm-3 (BAM),6,V ugm-3 (Ref.eq),10,V ugm-3 (TEOM FDMS),8,V ugm-3 (Ref.eq),7,V ugm-3 (Ref.eq),9,V ugm-3 (BAM)
13-11-21,No data,V ugm-3 (BAM),4,V ugm-3 (Ref.eq),4,V ugm-3 (TEOM FDMS),3,V ugm-3 (Ref.eq),5,V ugm-3 (Ref.eq),4,V ugm-3 (BAM)
14-11-21,No data,V ugm-3 (BAM),7,V ugm-3 (Ref.eq),7,V ugm-3 (TEOM FDMS),7,V ugm-3 (Ref.eq),7,V ugm-3 (Ref.eq),8,V ugm-3 (BAM)
15-11-21,No data,V ugm-3 (BAM),11,V ugm-3 (Ref.eq),12,V ugm-3 (TEOM FDMS),12,V ugm-3 (Ref.eq),12,V ugm-3 (Ref.eq),11,V ugm-3 (BAM)
16-11-21,No data,V ugm-3 (BAM),16,V ugm-3 (Ref.eq),18,V ugm-3 (TEOM FDMS),16,V ugm-3 (Ref.eq),16,V ugm-3 (Ref.eq),15,V ugm-3 (BAM)
17-11-21,No data,V ugm-3 (BAM),8,V ugm-3 (Ref.eq),13,V ugm-3 (TEOM FDMS),11,V ugm-3 (Ref.eq),8,V ugm-3 (Ref.eq),10,V ugm-3 (BAM)
18-11-21,No data,V ugm-3 (BAM),7,V ugm-3 (Ref.eq),12,V ugm-3 (TEOM FDMS),8,V ugm-3 (Ref.eq),7,V ugm-3 (Ref.eq),8,V ugm-3 (BAM)
19-11-21,No data,V ugm-3 (BAM),7,V ugm-3 (Ref.eq),12,V ugm-3 (TEOM FDMS),8,V ugm-3 (Ref.eq),7,V ugm-3 (Ref.eq),10,V ugm-3 (BAM)
20-11-21,No data,V ugm-3 (BAM),6,V ugm-3 (Ref.eq),11,V ugm-3 (TEOM FDMS),8,V ugm-3 (Ref.eq),7,V ugm-3 (Ref.eq),9,V ugm-3 (BAM)
21-11-21,No data,V ugm-3 (BAM),4,V ugm-3 (Ref.eq),4,V ugm-3 (TEOM FDMS),4,V ugm-3 (Ref.eq),4,V ugm-3 (Ref.eq),5,V ugm-3 (BAM)
22-11-21,No data,V ugm-3 (BAM),6,V ugm-3 (Ref.eq),6,V ugm-3 (TEOM FDMS),6,V ugm-3 (Ref.eq),7,V ugm-3 (Ref.eq),6,V ugm-3 (BAM)
23-11-21,No data,V ugm-3 (BAM),15,V ugm-3 (Ref.eq),16,V ugm-3 (TEOM FDMS),17,V ugm-3 (Ref.eq),17,V ugm-3 (Ref.eq),17,V ugm-3 (BAM)
24-11-21,No data,V ugm-3 (BAM),19,V ugm-3 (Ref.eq),No data,V ugm-3 (TEOM FDMS),22,V ugm-3 (Ref.eq),23,V ugm-3 (Ref.eq),23,V ugm-3 (BAM)
25-11-21,No data,V ugm-3 (BAM),8,V ugm-3 (Ref.eq),No data,V ugm-3 (TEOM FDMS),8,V ugm-3 (Ref.eq),8,V ugm-3 (Ref.eq),9,V ugm-3 (BAM)
26-11-21,No data,V ugm-3 (BAM),3,V ugm-3 (Ref.eq),7,V ugm-3 (TEOM FDMS),5,V ugm-3 (Ref.eq),4,V ugm-3 (Ref.eq),5,V ugm-3 (BAM)
27-11-21,No data,V ugm-3 (BAM),3,V ugm-3 (Ref.eq),4,V ugm-3 (TEOM FDMS),3,V ugm-3 (Ref.eq),3,V ugm-3 (Ref.eq),5,V ugm-3 (BAM)
28-11-21,No data,V ugm-3 (BAM),4,V ugm-3 (Ref.eq),6,V ugm-3 (TEOM FDMS),5,V ugm-3 (Ref.eq),5,V ugm-3 (Ref.eq),6,V ugm-3 (BAM)
29-11-21,No data,V ugm-3 (BAM),10,V ugm-3 (Ref.eq),17,V ugm-3 (TEOM FDMS),13,V ugm-3 (Ref.eq),12,V ugm-3 (Ref.eq),14,V ugm-3 (BAM)
30-11-21,No data,V ugm-3 (BAM),3,V ugm-3 (Ref.eq),8,V ugm-3 (TEOM FDMS),4,V ugm-3 (Ref.eq),4,V ugm-3 (Ref.eq),5,V ugm-3 (BAM)
01-12-21,No data,V ugm-3 (BAM),2,V ugm-3 (Ref.eq),4,V ugm-3 (TEOM FDMS),3,V ugm-3 (Ref.eq),2,V ugm-3 (Ref.eq),3,V ugm-3 (BAM)
02-12-21,No data,V ugm-3 (BAM),4,V ugm-3 (Ref.eq),7,V ugm-3 (TEOM FDMS),6,V ugm-3 (Ref.eq),6,V ugm-3 (Ref.eq),6,V ugm-3 (BAM)
03-12-21,No data,V ugm-3 (BAM),6,V ugm-3 (Ref.eq),13,V ugm-3 (TEOM FDMS),9,V ugm-3 (Ref.eq),6,V ugm-3 (Ref.eq),9,V ugm-3 (BAM)
04-12-21,No data,V ugm-3 (BAM),5,V ugm-3 (Ref.eq),11,V ugm-3 (TEOM FDMS),8,V ugm-3 (Ref.eq),7,V ugm-3 (Ref.eq),8,V ugm-3 (BAM)
05-12-21,No data,V ugm-3 (BAM),3,V ugm-3 (Ref.eq),3,V ugm-3 (TEOM FDMS),3,V ugm-3 (Ref.eq),3,V ugm-3 (Ref.eq),3,V ugm-3 (BAM)
06-12-21,No data,V ugm-3 (BAM),6,V ugm-3 (Ref.eq),10,V ugm-3 (TEOM FDMS),8,V ugm-3 (Ref.eq),7,V ugm-3 (Ref.eq),7,V ugm-3 (BAM)
07-12-21,No data,V ugm-3 (BAM),5,V ugm-3 (Ref.eq),7,V ugm-3 (TEOM FDMS),6,V ugm-3 (Ref.eq),5,V ugm-3 (Ref.eq),2,V ugm-3 (BAM)
08-12-21,No data,V ugm-3 (BAM),5,V ugm-3 (Ref.eq),7,V ugm-3 (TEOM FDMS),6,V ugm-3 (Ref.eq),7,V ugm-3 (Ref.eq),5,V ugm-3 (BAM)
09-12-21,No data,V ugm-3 (BAM),5,V ugm-3 (Ref.eq),9,V ugm-3 (TEOM FDMS),7,V ugm-3 (Ref.eq),6,V ugm-3 (Ref.eq),5,V ugm-3 (BAM)
10-12-21,No data,V ugm-3 (BAM),3,V ugm-3 (Ref.eq),6,V ugm-3 (TEOM FDMS),4,V ugm-3 (Ref.eq),4,V ugm-3 (Ref.eq),4,V ugm-3 (BAM)
11-12-21,No data,V ugm-3 (BAM),8,V ugm-3 (Ref.eq),11,V ugm-3 (TEOM FDMS),8,V ugm-3 (Ref.eq),6,V ugm-3 (Ref.eq),7,V ugm-3 (BAM)
12-12-21,No data,V ugm-3 (BAM),3,V ugm-3 (Ref.eq),6,V ugm-3 (TEOM FDMS),4,V ugm-3 (Ref.eq),4,V ugm-3 (Ref.eq),4,V ugm-3 (BAM)
13-12-21,No data,V ugm-3 (BAM),3,V ugm-3 (Ref.eq),6,V ugm-3 (TEOM FDMS),4,V ugm-3 (Ref.eq),3,V ugm-3 (Ref.eq),4,V ugm-3 (BAM)
14-12-21,No data,V ugm-3 (BAM),6,V ugm-3 (Ref.eq),10,V ugm-3 (TEOM FDMS),7,V ugm-3 (Ref.eq),6,V ugm-3 (Ref.eq),7,V ugm-3 (BAM)
15-12-21,No data,V ugm-3 (BAM),5,V ugm-3 (Ref.eq),9,V ugm-3 (TEOM FDMS),6,V ugm-3 (Ref.eq),6,V ugm-3 (Ref.eq),7,V ugm-3 (BAM)
16-12-21,No data,V ugm-3 (BAM),7,V ugm-3 (Ref.eq),8,V ugm-3 (TEOM FDMS),8,V ugm-3 (Ref.eq),8,V ugm-3 (Ref.eq),7,V ugm-3 (BAM)
17-12-21,No data,V ugm-3 (BAM),10,V ugm-3 (Ref.eq),10,V ugm-3 (TEOM FDMS),10,V ugm-3 (Ref.eq),8,V ugm-3 (Ref.eq),10,V ugm-3 (BAM)
18-12-21,No data,V ugm-3 (BAM),12,V ugm-3 (Ref.eq),13,V ugm-3 (TEOM FDMS),12,V ugm-3 (Ref.eq),12,V ugm-3 (Ref.eq),12,V ugm-3 (BAM)
19-12-21,No data,V ugm-3 (BAM),5,V ugm-3 (Ref.eq),7,V ugm-3 (TEOM FDMS),6,V ugm-3 (Ref.eq),8,V ugm-3 (Ref.eq),7,V ugm-3 (BAM)
20-12-21,No data,V ugm-3 (BAM),6,V ugm-3 (Ref.eq),5,V ugm-3 (TEOM FDMS),6,V ugm-3 (Ref.eq),5,V ugm-3 (Ref.eq),4,V ugm-3 (BAM)
21-12-21,No data,V ugm-3 (BAM),15,V ugm-3 (Ref.eq),No data,V ugm-3 (TEOM FDMS),13,V ugm-3 (Ref.eq),16,V ugm-3 (Ref.eq),13,V ugm-3 (BAM)
22-12-21,No data,V ugm-3 (BAM),17,V ugm-3 (Ref.eq),No data,V ugm-3 (TEOM FDMS),18,V ugm-3 (Ref.eq),18,V ugm-3 (Ref.eq),18,V ugm-3 (BAM)
23-12-21,No data,V ugm-3 (BAM),14,V ugm-3 (Ref.eq),No data,V ugm-3 (BAM),17,V ugm-3 (Ref.eq),15,V ugm-3 (Ref.eq),14,V ugm-3 (BAM)
24-12-21,No data,V ugm-3 (BAM),7,V ugm-3 (Ref.eq),No data,V ugm-3 (BAM),9,V ugm-3 (Ref.eq),9,V ugm-3 (Ref.eq),5,V ugm-3 (BAM)
25-12-21,No data,V ugm-3 (BAM),10,V ugm-3 (Ref.eq),No data,V ugm-3 (BAM),11,V ugm-3 (Ref.eq),12,V ugm-3 (Ref.eq),9,V ugm-3 (BAM)
26-12-21,No data,V ugm-3 (BAM),11,V ugm-3 (Ref.eq),No data,V ugm-3 (BAM),17,V ugm-3 (Ref.eq),10,V ugm-3 (Ref.eq),15,V ugm-3 (BAM)
27-12-21,No data,V ugm-3 (BAM),7,V ugm-3 (Ref.eq),No data,V ugm-3 (BAM),8,V ugm-3 (Ref.eq),7,V ugm-3 (Ref.eq),5,V ugm-3 (BAM)
28-12-21,No data,V ugm-3 (BAM),2,V ugm-3 (Ref.eq),No data,V ugm-3 (BAM),3,V ugm-3 (Ref.eq),3,V ugm-3 (Ref.eq),2,V ugm-3 (BAM)
29-12-21,No data,V ugm-3 (BAM),4,V ugm-3 (Ref.eq),No data,V ugm-3 (BAM),5,V ugm-3 (Ref.eq),5,V ugm-3 (Ref.eq),3,V ugm-3 (BAM)
30-12-21,No data,V ugm-3 (BAM),3,V ugm-3 (Ref.eq),No data,V ugm-3 (BAM),4,V ugm-3 (Ref.eq),4,V ugm-3 (Ref.eq),2,V ugm-3 (BAM)
,,,,,,,,,,,,
,,,,,,,,,,,,
,,,,,,,,,,,,
End,,,,,,,,,,,,
